"METHOD";"BRDF";"DISTANCE"
"ABC";"alum-bronze";0.216666666666667
"ABC-OURS";"alum-bronze";0.316666666666667
"BECKMAN";"alum-bronze";0.791666666666667
"BLINN-PHONG";"alum-bronze";0.533333333333333
"BLINN-PHONG-OURS";"alum-bronze";0.533333333333333
"DUPUY";"alum-bronze";0.483333333333333
"GGX";"alum-bronze";0.516666666666667
"GPLVM_APPROX.1";"alum-bronze";0.158333333333333
"GPLVM_APPROX.2";"alum-bronze";0.175
"GPLVM_APPROX.3";"alum-bronze";0.158333333333333
"GPLVM_APPROX.4";"alum-bronze";0.25
"GPLVM_APPROX.5";"alum-bronze";0.3
"GPLVM_APPROX.6";"alum-bronze";0.6
"LAFORTUNE";"alum-bronze";0.625
"LAFORTUNE-OURS";"alum-bronze";0.709677419354839
"WARD";"alum-bronze";0.466666666666667
"WARD-OURS";"alum-bronze";0.733333333333333
"BAGHER";"alum-bronze";0.216666666666667
"CHEBYCHEV";"alum-bronze";1
"SGD";"alum-bronze";0.341666666666667
"ABC";"alumina-oxide";0.35
"ABC-OURS";"alumina-oxide";0.258333333333333
"BECKMAN";"alumina-oxide";0.633333333333333
"BLINN-PHONG";"alumina-oxide";0.32258064516129
"BLINN-PHONG-OURS";"alumina-oxide";0.383333333333333
"DUPUY";"alumina-oxide";0.45
"GGX";"alumina-oxide";0.575
"GPLVM_APPROX.1";"alumina-oxide";0.217741935483871
"GPLVM_APPROX.2";"alumina-oxide";0.266666666666667
"GPLVM_APPROX.3";"alumina-oxide";0.208333333333333
"GPLVM_APPROX.4";"alumina-oxide";0.341666666666667
"GPLVM_APPROX.5";"alumina-oxide";0.564516129032258
"GPLVM_APPROX.6";"alumina-oxide";0.633333333333333
"LAFORTUNE";"alumina-oxide";0.225
"LAFORTUNE-OURS";"alumina-oxide";0.308333333333333
"WARD";"alumina-oxide";0.308333333333333
"WARD-OURS";"alumina-oxide";0.233333333333333
"BAGHER";"alumina-oxide";0.216666666666667
"SGD";"alumina-oxide";0.166666666666667
"ABC";"aluminium";0.791666666666667
"ABC-OURS";"aluminium";0.6
"BECKMAN";"aluminium";0.833333333333333
"BLINN-PHONG";"aluminium";0.6
"BLINN-PHONG-OURS";"aluminium";0.65
"DUPUY";"aluminium";0.175
"GGX";"aluminium";0.475
"GPLVM_APPROX.1";"aluminium";0.108333333333333
"GPLVM_APPROX.2";"aluminium";0.1
"GPLVM_APPROX.3";"aluminium";0.141666666666667
"GPLVM_APPROX.4";"aluminium";0.183333333333333
"GPLVM_APPROX.5";"aluminium";0.806451612903226
"GPLVM_APPROX.6";"aluminium";0.966666666666667
"LAFORTUNE";"aluminium";0.608333333333333
"LAFORTUNE-OURS";"aluminium";0.725806451612903
"WARD";"aluminium";0.525
"WARD-OURS";"aluminium";0.775
"BAGHER";"aluminium";0.183333333333333
"SGD";"aluminium";0.416666666666667
"ABC";"aventurnine";0.491379310344828
"ABC-OURS";"aventurnine";0.483333333333333
"BECKMAN";"aventurnine";0.691666666666667
"BLINN-PHONG";"aventurnine";0.208333333333333
"BLINN-PHONG-OURS";"aventurnine";0.266666666666667
"DUPUY";"aventurnine";0.433333333333333
"GGX";"aventurnine";0.708333333333333
"GPLVM_APPROX.1";"aventurnine";0.133333333333333
"GPLVM_APPROX.2";"aventurnine";0.2
"GPLVM_APPROX.3";"aventurnine";0.166666666666667
"GPLVM_APPROX.4";"aventurnine";0.375
"GPLVM_APPROX.5";"aventurnine";0.645161290322581
"GPLVM_APPROX.6";"aventurnine";0.911290322580645
"LAFORTUNE";"aventurnine";0.225
"LAFORTUNE-OURS";"aventurnine";0.4
"WARD";"aventurnine";0.258333333333333
"WARD-OURS";"aventurnine";0.25
"BAGHER";"aventurnine";0.209677419354839
"SGD";"aventurnine";0.216666666666667
"ABC";"beige-fabric";0.330645161290323
"ABC-OURS";"beige-fabric";0.366666666666667
"BECKMAN";"beige-fabric";0.591666666666667
"BLINN-PHONG";"beige-fabric";0.275
"BLINN-PHONG-OURS";"beige-fabric";0.225
"DUPUY";"beige-fabric";0.4
"GGX";"beige-fabric";0.483870967741935
"GPLVM_APPROX.1";"beige-fabric";0.216666666666667
"GPLVM_APPROX.2";"beige-fabric";0.241935483870968
"GPLVM_APPROX.3";"beige-fabric";0.216666666666667
"GPLVM_APPROX.4";"beige-fabric";0.274193548387097
"GPLVM_APPROX.5";"beige-fabric";0.525
"GPLVM_APPROX.6";"beige-fabric";0.911290322580645
"LAFORTUNE";"beige-fabric";0.258333333333333
"LAFORTUNE-OURS";"beige-fabric";0.241666666666667
"WARD";"beige-fabric";0.383333333333333
"WARD-OURS";"beige-fabric";0.458333333333333
"BAGHER";"beige-fabric";0.183333333333333
"CHEBYCHEV";"beige-fabric";0.158333333333333
"SGD";"beige-fabric";0.290322580645161
"ABC";"black-fabric";0.733333333333333
"ABC-OURS";"black-fabric";0.825
"BECKMAN";"black-fabric";0.683333333333333
"BLINN-PHONG";"black-fabric";0.283333333333333
"BLINN-PHONG-OURS";"black-fabric";0.175
"DUPUY";"black-fabric";0.258333333333333
"GGX";"black-fabric";0.35
"GPLVM_APPROX.1";"black-fabric";0.133333333333333
"GPLVM_APPROX.2";"black-fabric";0.0833333333333333
"GPLVM_APPROX.3";"black-fabric";0.17741935483871
"GPLVM_APPROX.4";"black-fabric";0.116666666666667
"GPLVM_APPROX.5";"black-fabric";0.266666666666667
"GPLVM_APPROX.6";"black-fabric";0.666666666666667
"LAFORTUNE";"black-fabric";0.258333333333333
"LAFORTUNE-OURS";"black-fabric";0.193548387096774
"WARD";"black-fabric";0.4
"WARD-OURS";"black-fabric";0.354838709677419
"BAGHER";"black-fabric";0.158333333333333
"CHEBYCHEV";"black-fabric";0.283333333333333
"SGD";"black-fabric";0.217741935483871
"ABC";"black-obsidian";0.67741935483871
"ABC-OURS";"black-obsidian";0.716666666666667
"BECKMAN";"black-obsidian";0.875
"BLINN-PHONG";"black-obsidian";0.525
"BLINN-PHONG-OURS";"black-obsidian";0.475
"DUPUY";"black-obsidian";0.241666666666667
"GGX";"black-obsidian";0.325
"GPLVM_APPROX.1";"black-obsidian";0.1
"GPLVM_APPROX.2";"black-obsidian";0.1
"GPLVM_APPROX.3";"black-obsidian";0.05
"GPLVM_APPROX.4";"black-obsidian";0.125
"GPLVM_APPROX.5";"black-obsidian";0.516666666666667
"GPLVM_APPROX.6";"black-obsidian";0.891666666666667
"LAFORTUNE";"black-obsidian";0.941666666666667
"LAFORTUNE-OURS";"black-obsidian";0.685483870967742
"WARD";"black-obsidian";0.316666666666667
"WARD-OURS";"black-obsidian";0.258064516129032
"BAGHER";"black-obsidian";0.158333333333333
"SGD";"black-obsidian";0.216666666666667
"ABC";"black-oxidized-steel";0.375
"ABC-OURS";"black-oxidized-steel";0.548387096774194
"BECKMAN";"black-oxidized-steel";0.625
"BLINN-PHONG";"black-oxidized-steel";0.25
"BLINN-PHONG-OURS";"black-oxidized-steel";0.225806451612903
"DUPUY";"black-oxidized-steel";0.2
"GGX";"black-oxidized-steel";0.166666666666667
"GPLVM_APPROX.1";"black-oxidized-steel";0.15
"GPLVM_APPROX.2";"black-oxidized-steel";0.208333333333333
"GPLVM_APPROX.3";"black-oxidized-steel";0.208333333333333
"GPLVM_APPROX.4";"black-oxidized-steel";0.266666666666667
"GPLVM_APPROX.5";"black-oxidized-steel";0.675
"GPLVM_APPROX.6";"black-oxidized-steel";0.833333333333333
"LAFORTUNE";"black-oxidized-steel";0.608333333333333
"LAFORTUNE-OURS";"black-oxidized-steel";0.629032258064516
"WARD";"black-oxidized-steel";0.516666666666667
"WARD-OURS";"black-oxidized-steel";0.516666666666667
"BAGHER";"black-oxidized-steel";0.133333333333333
"CHEBYCHEV";"black-oxidized-steel";0.475
"SGD";"black-oxidized-steel";0.193548387096774
"ABC";"black-phenolic";0.258064516129032
"ABC-OURS";"black-phenolic";0.675
"BECKMAN";"black-phenolic";0.825
"BLINN-PHONG";"black-phenolic";0.316666666666667
"BLINN-PHONG-OURS";"black-phenolic";0.4
"DUPUY";"black-phenolic";0.233333333333333
"GGX";"black-phenolic";0.6
"GPLVM_APPROX.1";"black-phenolic";0.175
"GPLVM_APPROX.2";"black-phenolic";0.0916666666666667
"GPLVM_APPROX.3";"black-phenolic";0.1
"GPLVM_APPROX.4";"black-phenolic";0.133333333333333
"GPLVM_APPROX.5";"black-phenolic";0.241666666666667
"GPLVM_APPROX.6";"black-phenolic";0.862903225806452
"LAFORTUNE";"black-phenolic";0.891666666666667
"LAFORTUNE-OURS";"black-phenolic";0.841666666666667
"WARD";"black-phenolic";0.408333333333333
"WARD-OURS";"black-phenolic";0.833333333333333
"BAGHER";"black-phenolic";0.133333333333333
"SGD";"black-phenolic";0.141666666666667
"ABC";"black-soft-plastic";0.25
"ABC-OURS";"black-soft-plastic";0.395161290322581
"BECKMAN";"black-soft-plastic";0.675
"BLINN-PHONG";"black-soft-plastic";0.441666666666667
"BLINN-PHONG-OURS";"black-soft-plastic";0.266666666666667
"DUPUY";"black-soft-plastic";0.158333333333333
"GGX";"black-soft-plastic";0.175
"GPLVM_APPROX.1";"black-soft-plastic";0.15
"GPLVM_APPROX.2";"black-soft-plastic";0.2
"GPLVM_APPROX.3";"black-soft-plastic";0.141666666666667
"GPLVM_APPROX.4";"black-soft-plastic";0.166666666666667
"GPLVM_APPROX.5";"black-soft-plastic";0.483333333333333
"GPLVM_APPROX.6";"black-soft-plastic";0.841666666666667
"LAFORTUNE";"black-soft-plastic";0.433333333333333
"LAFORTUNE-OURS";"black-soft-plastic";0.325
"WARD";"black-soft-plastic";0.508620689655172
"WARD-OURS";"black-soft-plastic";0.354838709677419
"BAGHER";"black-soft-plastic";0.158333333333333
"CHEBYCHEV";"black-soft-plastic";0.941666666666667
"SGD";"black-soft-plastic";0.2
"ABC";"blue-acrylic";0.55
"ABC-OURS";"blue-acrylic";0.491666666666667
"BECKMAN";"blue-acrylic";0.8
"BLINN-PHONG";"blue-acrylic";0.35
"BLINN-PHONG-OURS";"blue-acrylic";0.566666666666667
"DUPUY";"blue-acrylic";0.65
"GGX";"blue-acrylic";0.85
"GPLVM_APPROX.1";"blue-acrylic";0.141666666666667
"GPLVM_APPROX.2";"blue-acrylic";0.183333333333333
"GPLVM_APPROX.3";"blue-acrylic";0.241666666666667
"GPLVM_APPROX.4";"blue-acrylic";0.258333333333333
"GPLVM_APPROX.5";"blue-acrylic";0.583333333333333
"GPLVM_APPROX.6";"blue-acrylic";0.887096774193548
"LAFORTUNE";"blue-acrylic";0.4375
"LAFORTUNE-OURS";"blue-acrylic";0.241666666666667
"WARD";"blue-acrylic";0.2
"WARD-OURS";"blue-acrylic";0.233333333333333
"BAGHER";"blue-acrylic";0.225
"SGD";"blue-acrylic";0.183333333333333
"ABC";"blue-fabric";0.306451612903226
"ABC-OURS";"blue-fabric";0.341666666666667
"BECKMAN";"blue-fabric";0.566666666666667
"BLINN-PHONG";"blue-fabric";0.225
"BLINN-PHONG-OURS";"blue-fabric";0.133333333333333
"DUPUY";"blue-fabric";0.3
"GGX";"blue-fabric";0.45
"GPLVM_APPROX.1";"blue-fabric";0.116666666666667
"GPLVM_APPROX.2";"blue-fabric";0.191666666666667
"GPLVM_APPROX.3";"blue-fabric";0.175
"GPLVM_APPROX.4";"blue-fabric";0.383333333333333
"GPLVM_APPROX.5";"blue-fabric";0.708333333333333
"GPLVM_APPROX.6";"blue-fabric";0.875
"LAFORTUNE";"blue-fabric";0.308333333333333
"LAFORTUNE-OURS";"blue-fabric";0.175
"WARD";"blue-fabric";0.391666666666667
"WARD-OURS";"blue-fabric";0.458333333333333
"BAGHER";"blue-fabric";0.133333333333333
"CHEBYCHEV";"blue-fabric";0.375
"SGD";"blue-fabric";0.216666666666667
"ABC";"blue-metallic-paint";0.685483870967742
"ABC-OURS";"blue-metallic-paint";0.775
"BECKMAN";"blue-metallic-paint";0.408333333333333
"BLINN-PHONG";"blue-metallic-paint";0.191666666666667
"BLINN-PHONG-OURS";"blue-metallic-paint";0.191666666666667
"DUPUY";"blue-metallic-paint";0.175
"GGX";"blue-metallic-paint";0.15
"GPLVM_APPROX.1";"blue-metallic-paint";0.0916666666666667
"GPLVM_APPROX.2";"blue-metallic-paint";0.0583333333333333
"GPLVM_APPROX.3";"blue-metallic-paint";0.125
"GPLVM_APPROX.4";"blue-metallic-paint";0.275
"GPLVM_APPROX.5";"blue-metallic-paint";0.558333333333333
"GPLVM_APPROX.6";"blue-metallic-paint";0.836206896551724
"LAFORTUNE";"blue-metallic-paint";0.208333333333333
"LAFORTUNE-OURS";"blue-metallic-paint";0.808333333333333
"WARD";"blue-metallic-paint";0.183333333333333
"WARD-OURS";"blue-metallic-paint";0.133333333333333
"BAGHER";"blue-metallic-paint";0.116666666666667
"CHEBYCHEV";"blue-metallic-paint";0.641666666666667
"SGD";"blue-metallic-paint";0.275
"ABC";"blue-metallic-paint2";0.125
"ABC-OURS";"blue-metallic-paint2";0.25
"BECKMAN";"blue-metallic-paint2";0.7
"BLINN-PHONG";"blue-metallic-paint2";0.629032258064516
"BLINN-PHONG-OURS";"blue-metallic-paint2";0.633333333333333
"DUPUY";"blue-metallic-paint2";0.108333333333333
"GGX";"blue-metallic-paint2";0.241666666666667
"GPLVM_APPROX.1";"blue-metallic-paint2";0.0564516129032258
"GPLVM_APPROX.2";"blue-metallic-paint2";0.0948275862068965
"GPLVM_APPROX.3";"blue-metallic-paint2";0.129032258064516
"GPLVM_APPROX.4";"blue-metallic-paint2";0.112903225806452
"GPLVM_APPROX.5";"blue-metallic-paint2";0.225
"GPLVM_APPROX.6";"blue-metallic-paint2";0.741666666666667
"LAFORTUNE";"blue-metallic-paint2";0.564516129032258
"LAFORTUNE-OURS";"blue-metallic-paint2";0.716666666666667
"WARD";"blue-metallic-paint2";0.433333333333333
"WARD-OURS";"blue-metallic-paint2";0.858333333333333
"BAGHER";"blue-metallic-paint2";0.0666666666666667
"SGD";"blue-metallic-paint2";0.608333333333333
"ABC";"blue-rubber";0.583333333333333
"ABC-OURS";"blue-rubber";0.516666666666667
"BECKMAN";"blue-rubber";0.65
"BLINN-PHONG";"blue-rubber";0.216666666666667
"BLINN-PHONG-OURS";"blue-rubber";0.191666666666667
"DUPUY";"blue-rubber";0.283333333333333
"GGX";"blue-rubber";0.425
"GPLVM_APPROX.1";"blue-rubber";0.175
"GPLVM_APPROX.2";"blue-rubber";0.25
"GPLVM_APPROX.3";"blue-rubber";0.25
"GPLVM_APPROX.4";"blue-rubber";0.241666666666667
"GPLVM_APPROX.5";"blue-rubber";0.596774193548387
"GPLVM_APPROX.6";"blue-rubber";0.875
"LAFORTUNE";"blue-rubber";0.266666666666667
"LAFORTUNE-OURS";"blue-rubber";0.225
"WARD";"blue-rubber";0.441666666666667
"WARD-OURS";"blue-rubber";0.466666666666667
"BAGHER";"blue-rubber";0.175
"CHEBYCHEV";"blue-rubber";0.416666666666667
"SGD";"blue-rubber";0.225
"ABC";"brass";0.266666666666667
"ABC-OURS";"brass";0.875
"BECKMAN";"brass";0.858333333333333
"BLINN-PHONG";"brass";0.629032258064516
"BLINN-PHONG-OURS";"brass";0.716666666666667
"DUPUY";"brass";0.166666666666667
"GGX";"brass";0.475
"GPLVM_APPROX.1";"brass";0.125
"GPLVM_APPROX.2";"brass";0.183333333333333
"GPLVM_APPROX.3";"brass";0.075
"GPLVM_APPROX.4";"brass";0.233333333333333
"GPLVM_APPROX.5";"brass";0.591666666666667
"GPLVM_APPROX.6";"brass";0.825
"LAFORTUNE";"brass";0.658333333333333
"LAFORTUNE-OURS";"brass";0.830645161290323
"WARD";"brass";0.575
"WARD-OURS";"brass";0.825
"BAGHER";"brass";0.15
"SGD";"brass";0.591666666666667
"ABC";"cherry-235";0.291666666666667
"ABC-OURS";"cherry-235";0.333333333333333
"BECKMAN";"cherry-235";0.766666666666667
"BLINN-PHONG";"cherry-235";0.333333333333333
"BLINN-PHONG-OURS";"cherry-235";0.175
"DUPUY";"cherry-235";0.433333333333333
"GGX";"cherry-235";0.516666666666667
"GPLVM_APPROX.1";"cherry-235";0.133333333333333
"GPLVM_APPROX.2";"cherry-235";0.175
"GPLVM_APPROX.3";"cherry-235";0.233333333333333
"GPLVM_APPROX.4";"cherry-235";0.183333333333333
"GPLVM_APPROX.5";"cherry-235";0.441666666666667
"GPLVM_APPROX.6";"cherry-235";0.608333333333333
"LAFORTUNE";"cherry-235";0.633333333333333
"LAFORTUNE-OURS";"cherry-235";0.5703125
"WARD";"cherry-235";0.491666666666667
"WARD-OURS";"cherry-235";0.425
"BAGHER";"cherry-235";0.15
"CHEBYCHEV";"cherry-235";0.958333333333333
"SGD";"cherry-235";0.183333333333333
"ABC";"chrome";0.766666666666667
"ABC-OURS";"chrome";0.951612903225806
"BECKMAN";"chrome";0.816666666666667
"BLINN-PHONG";"chrome";0.580645161290323
"BLINN-PHONG-OURS";"chrome";0.580645161290323
"DUPUY";"chrome";0.25
"GGX";"chrome";0.25
"GPLVM_APPROX.1";"chrome";0.075
"GPLVM_APPROX.2";"chrome";0.0431034482758621
"GPLVM_APPROX.3";"chrome";0.0916666666666667
"GPLVM_APPROX.4";"chrome";0.1
"GPLVM_APPROX.5";"chrome";0.325
"GPLVM_APPROX.6";"chrome";0.911290322580645
"LAFORTUNE";"chrome";0.675
"LAFORTUNE-OURS";"chrome";0.387096774193548
"WARD";"chrome";0.625
"WARD-OURS";"chrome";0.833333333333333
"BAGHER";"chrome";0.120967741935484
"SGD";"chrome";0.675
"ABC";"chrome-steel";0.858333333333333
"ABC-OURS";"chrome-steel";0.911290322580645
"BECKMAN";"chrome-steel";0.716666666666667
"BLINN-PHONG";"chrome-steel";0.891666666666667
"BLINN-PHONG-OURS";"chrome-steel";0.653225806451613
"DUPUY";"chrome-steel";0.441666666666667
"GGX";"chrome-steel";0.475
"GPLVM_APPROX.1";"chrome-steel";0.0916666666666667
"GPLVM_APPROX.2";"chrome-steel";0.137096774193548
"GPLVM_APPROX.3";"chrome-steel";0.0916666666666667
"GPLVM_APPROX.4";"chrome-steel";0.125
"GPLVM_APPROX.5";"chrome-steel";0.558333333333333
"GPLVM_APPROX.6";"chrome-steel";0.806451612903226
"LAFORTUNE";"chrome-steel";0.85
"LAFORTUNE-OURS";"chrome-steel";0.741666666666667
"WARD";"chrome-steel";0.82258064516129
"WARD-OURS";"chrome-steel";0.816666666666667
"BAGHER";"chrome-steel";0.15
"SGD";"chrome-steel";0.791666666666667
"ABC";"colonial-maple-223";0.266666666666667
"ABC-OURS";"colonial-maple-223";0.416666666666667
"BECKMAN";"colonial-maple-223";0.75
"BLINN-PHONG";"colonial-maple-223";0.333333333333333
"BLINN-PHONG-OURS";"colonial-maple-223";0.183333333333333
"DUPUY";"colonial-maple-223";0.516666666666667
"GGX";"colonial-maple-223";0.491666666666667
"GPLVM_APPROX.1";"colonial-maple-223";0.408333333333333
"GPLVM_APPROX.2";"colonial-maple-223";0.308333333333333
"GPLVM_APPROX.3";"colonial-maple-223";0.258333333333333
"GPLVM_APPROX.4";"colonial-maple-223";0.358333333333333
"GPLVM_APPROX.5";"colonial-maple-223";0.65
"GPLVM_APPROX.6";"colonial-maple-223";0.870967741935484
"LAFORTUNE";"colonial-maple-223";0.55
"LAFORTUNE-OURS";"colonial-maple-223";0.475
"WARD";"colonial-maple-223";0.625
"WARD-OURS";"colonial-maple-223";0.65
"BAGHER";"colonial-maple-223";0.166666666666667
"CHEBYCHEV";"colonial-maple-223";0.791666666666667
"SGD";"colonial-maple-223";0.208333333333333
"ABC";"color-changing-paint1";0.391666666666667
"ABC-OURS";"color-changing-paint1";0.775
"BECKMAN";"color-changing-paint1";0.725
"BLINN-PHONG-OURS";"color-changing-paint1";0.841666666666667
"DUPUY";"color-changing-paint1";0.141666666666667
"GGX";"color-changing-paint1";0.15
"GPLVM_APPROX.1";"color-changing-paint1";0.17741935483871
"GPLVM_APPROX.2";"color-changing-paint1";0.189655172413793
"GPLVM_APPROX.3";"color-changing-paint1";0.108333333333333
"GPLVM_APPROX.4";"color-changing-paint1";0.169354838709677
"GPLVM_APPROX.5";"color-changing-paint1";0.693548387096774
"GPLVM_APPROX.6";"color-changing-paint1";0.887096774193548
"LAFORTUNE-OURS";"color-changing-paint1";0.9
"WARD-OURS";"color-changing-paint1";0.766129032258065
"BAGHER";"color-changing-paint1";0.141666666666667
"SGD";"color-changing-paint1";0.866666666666667
"ABC";"color-changing-paint2";0.308333333333333
"ABC-OURS";"color-changing-paint2";0.508333333333333
"BECKMAN";"color-changing-paint2";0.833333333333333
"BLINN-PHONG-OURS";"color-changing-paint2";0.591666666666667
"DUPUY";"color-changing-paint2";0.125
"GGX";"color-changing-paint2";0.233333333333333
"GPLVM_APPROX.1";"color-changing-paint2";0.0666666666666667
"GPLVM_APPROX.2";"color-changing-paint2";0.137096774193548
"GPLVM_APPROX.3";"color-changing-paint2";0.191666666666667
"GPLVM_APPROX.4";"color-changing-paint2";0.163793103448276
"GPLVM_APPROX.5";"color-changing-paint2";0.491666666666667
"GPLVM_APPROX.6";"color-changing-paint2";0.806451612903226
"LAFORTUNE-OURS";"color-changing-paint2";0.75
"WARD-OURS";"color-changing-paint2";0.419354838709677
"BAGHER";"color-changing-paint2";0.125
"SGD";"color-changing-paint2";0.225
"ABC";"color-changing-paint3";0.466666666666667
"ABC-OURS";"color-changing-paint3";0.354838709677419
"BECKMAN";"color-changing-paint3";0.716666666666667
"BLINN-PHONG-OURS";"color-changing-paint3";0.798387096774194
"DUPUY";"color-changing-paint3";0.141666666666667
"GGX";"color-changing-paint3";0.166666666666667
"GPLVM_APPROX.1";"color-changing-paint3";0.108333333333333
"GPLVM_APPROX.2";"color-changing-paint3";0.0833333333333333
"GPLVM_APPROX.3";"color-changing-paint3";0.108333333333333
"GPLVM_APPROX.4";"color-changing-paint3";0.169354838709677
"GPLVM_APPROX.5";"color-changing-paint3";0.408333333333333
"GPLVM_APPROX.6";"color-changing-paint3";0.666666666666667
"LAFORTUNE-OURS";"color-changing-paint3";0.891666666666667
"WARD-OURS";"color-changing-paint3";0.661290322580645
"BAGHER";"color-changing-paint3";0.166666666666667
"SGD";"color-changing-paint3";0.516666666666667
"ABC";"dark-blue-paint";0.291666666666667
"ABC-OURS";"dark-blue-paint";0.370967741935484
"BECKMAN";"dark-blue-paint";0.708333333333333
"BLINN-PHONG";"dark-blue-paint";0.241379310344828
"BLINN-PHONG-OURS";"dark-blue-paint";0.291666666666667
"DUPUY";"dark-blue-paint";0.358333333333333
"GGX";"dark-blue-paint";0.341666666666667
"GPLVM_APPROX.1";"dark-blue-paint";0.166666666666667
"GPLVM_APPROX.2";"dark-blue-paint";0.108333333333333
"GPLVM_APPROX.3";"dark-blue-paint";0.158333333333333
"GPLVM_APPROX.4";"dark-blue-paint";0.333333333333333
"GPLVM_APPROX.5";"dark-blue-paint";0.783333333333333
"GPLVM_APPROX.6";"dark-blue-paint";0.895161290322581
"LAFORTUNE";"dark-blue-paint";0.325
"LAFORTUNE-OURS";"dark-blue-paint";0.55
"WARD";"dark-blue-paint";0.425
"WARD-OURS";"dark-blue-paint";0.575
"BAGHER";"dark-blue-paint";0.116666666666667
"CHEBYCHEV";"dark-blue-paint";0.808333333333333
"SGD";"dark-blue-paint";0.175
"ABC";"dark-red-paint";0.274193548387097
"ABC-OURS";"dark-red-paint";0.4
"BECKMAN";"dark-red-paint";0.583333333333333
"BLINN-PHONG";"dark-red-paint";0.158333333333333
"BLINN-PHONG-OURS";"dark-red-paint";0.183333333333333
"DUPUY";"dark-red-paint";0.325
"GGX";"dark-red-paint";0.475
"GPLVM_APPROX.1";"dark-red-paint";0.169354838709677
"GPLVM_APPROX.2";"dark-red-paint";0.185483870967742
"GPLVM_APPROX.3";"dark-red-paint";0.166666666666667
"GPLVM_APPROX.4";"dark-red-paint";0.169354838709677
"GPLVM_APPROX.5";"dark-red-paint";0.541666666666667
"GPLVM_APPROX.6";"dark-red-paint";0.833333333333333
"LAFORTUNE";"dark-red-paint";0.308333333333333
"LAFORTUNE-OURS";"dark-red-paint";0.233333333333333
"WARD";"dark-red-paint";0.333333333333333
"WARD-OURS";"dark-red-paint";0.408333333333333
"BAGHER";"dark-red-paint";0.141666666666667
"CHEBYCHEV";"dark-red-paint";0.408333333333333
"SGD";"dark-red-paint";0.208333333333333
"ABC";"dark-specular-fabric";0.717741935483871
"ABC-OURS";"dark-specular-fabric";0.733333333333333
"BECKMAN";"dark-specular-fabric";0.7
"BLINN-PHONG-OURS";"dark-specular-fabric";0.308333333333333
"DUPUY";"dark-specular-fabric";0.291666666666667
"GGX";"dark-specular-fabric";0.225
"GPLVM_APPROX.1";"dark-specular-fabric";0.158333333333333
"GPLVM_APPROX.2";"dark-specular-fabric";0.166666666666667
"GPLVM_APPROX.3";"dark-specular-fabric";0.225
"GPLVM_APPROX.4";"dark-specular-fabric";0.191666666666667
"GPLVM_APPROX.5";"dark-specular-fabric";0.625
"GPLVM_APPROX.6";"dark-specular-fabric";0.85
"LAFORTUNE-OURS";"dark-specular-fabric";0.408333333333333
"WARD-OURS";"dark-specular-fabric";0.666666666666667
"BAGHER";"dark-specular-fabric";0.158333333333333
"CHEBYCHEV";"dark-specular-fabric";0.825
"SGD";"dark-specular-fabric";0.225
"ABC";"delrin";0.201612903225806
"ABC-OURS";"delrin";0.333333333333333
"BECKMAN";"delrin";0.491666666666667
"BLINN-PHONG";"delrin";0.169354838709677
"BLINN-PHONG-OURS";"delrin";0.137096774193548
"DUPUY";"delrin";0.333333333333333
"GGX";"delrin";0.4
"GPLVM_APPROX.1";"delrin";0.233333333333333
"GPLVM_APPROX.2";"delrin";0.181034482758621
"GPLVM_APPROX.3";"delrin";0.175
"GPLVM_APPROX.4";"delrin";0.208333333333333
"GPLVM_APPROX.5";"delrin";0.391666666666667
"GPLVM_APPROX.6";"delrin";0.841666666666667
"LAFORTUNE";"delrin";0.291666666666667
"LAFORTUNE-OURS";"delrin";0.191666666666667
"WARD";"delrin";0.341666666666667
"WARD-OURS";"delrin";0.3
"BAGHER";"delrin";0.125
"CHEBYCHEV";"delrin";0.416666666666667
"SGD";"delrin";0.275
"ABC";"fruitwood-241";0.566666666666667
"ABC-OURS";"fruitwood-241";0.541666666666667
"BECKMAN";"fruitwood-241";0.65
"BLINN-PHONG";"fruitwood-241";0.45
"BLINN-PHONG-OURS";"fruitwood-241";0.216666666666667
"DUPUY";"fruitwood-241";0.308333333333333
"GGX";"fruitwood-241";0.408333333333333
"GPLVM_APPROX.1";"fruitwood-241";0.325
"GPLVM_APPROX.2";"fruitwood-241";0.325
"GPLVM_APPROX.3";"fruitwood-241";0.316666666666667
"GPLVM_APPROX.4";"fruitwood-241";0.283333333333333
"GPLVM_APPROX.5";"fruitwood-241";0.45
"GPLVM_APPROX.6";"fruitwood-241";0.841666666666667
"LAFORTUNE";"fruitwood-241";0.55
"LAFORTUNE-OURS";"fruitwood-241";0.4
"WARD";"fruitwood-241";0.608333333333333
"WARD-OURS";"fruitwood-241";0.391666666666667
"BAGHER";"fruitwood-241";0.15
"CHEBYCHEV";"fruitwood-241";0.833333333333333
"SGD";"fruitwood-241";0.25
"ABC";"gold-metallic-paint";0.683333333333333
"ABC-OURS";"gold-metallic-paint";0.775
"BECKMAN";"gold-metallic-paint";0.441666666666667
"BLINN-PHONG";"gold-metallic-paint";0.158333333333333
"BLINN-PHONG-OURS";"gold-metallic-paint";0.233333333333333
"DUPUY";"gold-metallic-paint";0.175
"GGX";"gold-metallic-paint";0.185483870967742
"GPLVM_APPROX.1";"gold-metallic-paint";0.0833333333333333
"GPLVM_APPROX.2";"gold-metallic-paint";0.116666666666667
"GPLVM_APPROX.3";"gold-metallic-paint";0.15
"GPLVM_APPROX.4";"gold-metallic-paint";0.125
"GPLVM_APPROX.5";"gold-metallic-paint";0.608333333333333
"GPLVM_APPROX.6";"gold-metallic-paint";0.866666666666667
"LAFORTUNE";"gold-metallic-paint";0.166666666666667
"LAFORTUNE-OURS";"gold-metallic-paint";0.158333333333333
"WARD";"gold-metallic-paint";0.216666666666667
"WARD-OURS";"gold-metallic-paint";0.161290322580645
"BAGHER";"gold-metallic-paint";0.116666666666667
"CHEBYCHEV";"gold-metallic-paint";0.675
"SGD";"gold-metallic-paint";0.216666666666667
"ABC";"gold-metallic-paint2";0.675
"ABC-OURS";"gold-metallic-paint2";0.775
"BECKMAN";"gold-metallic-paint2";0.75
"BLINN-PHONG";"gold-metallic-paint2";0.125
"BLINN-PHONG-OURS";"gold-metallic-paint2";0.641666666666667
"DUPUY";"gold-metallic-paint2";0.185483870967742
"GGX";"gold-metallic-paint2";0.191666666666667
"GPLVM_APPROX.1";"gold-metallic-paint2";0.181034482758621
"GPLVM_APPROX.2";"gold-metallic-paint2";0.166666666666667
"GPLVM_APPROX.3";"gold-metallic-paint2";0.158333333333333
"GPLVM_APPROX.4";"gold-metallic-paint2";0.166666666666667
"GPLVM_APPROX.5";"gold-metallic-paint2";0.225
"GPLVM_APPROX.6";"gold-metallic-paint2";0.291666666666667
"LAFORTUNE";"gold-metallic-paint2";0.2
"LAFORTUNE-OURS";"gold-metallic-paint2";0.883333333333333
"WARD";"gold-metallic-paint2";0.181034482758621
"WARD-OURS";"gold-metallic-paint2";0.733333333333333
"BAGHER";"gold-metallic-paint2";0.175
"SGD";"gold-metallic-paint2";0.693548387096774
"ABC";"gold-metallic-paint3";0.425
"ABC-OURS";"gold-metallic-paint3";0.508333333333333
"BECKMAN";"gold-metallic-paint3";0.766666666666667
"BLINN-PHONG";"gold-metallic-paint3";0.675
"BLINN-PHONG-OURS";"gold-metallic-paint3";0.566666666666667
"DUPUY";"gold-metallic-paint3";0.15
"GGX";"gold-metallic-paint3";0.333333333333333
"GPLVM_APPROX.1";"gold-metallic-paint3";0.146551724137931
"GPLVM_APPROX.2";"gold-metallic-paint3";0.129310344827586
"GPLVM_APPROX.3";"gold-metallic-paint3";0.216666666666667
"GPLVM_APPROX.4";"gold-metallic-paint3";0.075
"GPLVM_APPROX.5";"gold-metallic-paint3";0.341666666666667
"GPLVM_APPROX.6";"gold-metallic-paint3";0.596774193548387
"LAFORTUNE";"gold-metallic-paint3";0.625
"LAFORTUNE-OURS";"gold-metallic-paint3";0.741379310344828
"WARD";"gold-metallic-paint3";0.6
"WARD-OURS";"gold-metallic-paint3";0.862903225806452
"BAGHER";"gold-metallic-paint3";0.125
"SGD";"gold-metallic-paint3";0.525
"ABC";"gold-paint";0.45
"ABC-OURS";"gold-paint";0.583333333333333
"BECKMAN";"gold-paint";0.575
"BLINN-PHONG";"gold-paint";0.137096774193548
"BLINN-PHONG-OURS";"gold-paint";0.203125
"DUPUY";"gold-paint";0.216666666666667
"GGX";"gold-paint";0.258333333333333
"GPLVM_APPROX.1";"gold-paint";0.216666666666667
"GPLVM_APPROX.2";"gold-paint";0.225
"GPLVM_APPROX.3";"gold-paint";0.120689655172414
"GPLVM_APPROX.4";"gold-paint";0.258333333333333
"GPLVM_APPROX.5";"gold-paint";0.458333333333333
"GPLVM_APPROX.6";"gold-paint";0.706896551724138
"LAFORTUNE";"gold-paint";0.266666666666667
"LAFORTUNE-OURS";"gold-paint";0.216666666666667
"WARD";"gold-paint";0.208333333333333
"WARD-OURS";"gold-paint";0.241666666666667
"BAGHER";"gold-paint";0.2
"CHEBYCHEV";"gold-paint";0.841666666666667
"SGD";"gold-paint";0.183333333333333
"ABC";"gray-plastic";0.375
"ABC-OURS";"gray-plastic";0.466666666666667
"BECKMAN";"gray-plastic";0.508333333333333
"BLINN-PHONG";"gray-plastic";0.209677419354839
"BLINN-PHONG-OURS";"gray-plastic";0.308333333333333
"DUPUY";"gray-plastic";0.408333333333333
"GGX";"gray-plastic";0.558333333333333
"GPLVM_APPROX.1";"gray-plastic";0.2
"GPLVM_APPROX.2";"gray-plastic";0.241666666666667
"GPLVM_APPROX.3";"gray-plastic";0.133333333333333
"GPLVM_APPROX.4";"gray-plastic";0.25
"GPLVM_APPROX.5";"gray-plastic";0.641666666666667
"GPLVM_APPROX.6";"gray-plastic";0.875
"LAFORTUNE";"gray-plastic";0.4
"LAFORTUNE-OURS";"gray-plastic";0.293103448275862
"WARD";"gray-plastic";0.291666666666667
"WARD-OURS";"gray-plastic";0.291666666666667
"BAGHER";"gray-plastic";0.15
"SGD";"gray-plastic";0.225
"ABC";"grease-covered-steel";0.183333333333333
"ABC-OURS";"grease-covered-steel";0.216666666666667
"BECKMAN";"grease-covered-steel";0.741935483870968
"BLINN-PHONG-OURS";"grease-covered-steel";0.916666666666667
"DUPUY";"grease-covered-steel";0.35
"GGX";"grease-covered-steel";0.316666666666667
"GPLVM_APPROX.1";"grease-covered-steel";0.108333333333333
"GPLVM_APPROX.2";"grease-covered-steel";0.15
"GPLVM_APPROX.3";"grease-covered-steel";0.112068965517241
"GPLVM_APPROX.4";"grease-covered-steel";0.108333333333333
"GPLVM_APPROX.5";"grease-covered-steel";0.425
"GPLVM_APPROX.6";"grease-covered-steel";0.798387096774194
"LAFORTUNE-OURS";"grease-covered-steel";0.716666666666667
"WARD-OURS";"grease-covered-steel";0.838709677419355
"BAGHER";"grease-covered-steel";0.183333333333333
"SGD";"grease-covered-steel";0.583333333333333
"ABC";"green-acrylic";0.645161290322581
"ABC-OURS";"green-acrylic";0.775
"BECKMAN";"green-acrylic";0.858333333333333
"BLINN-PHONG";"green-acrylic";0.375
"BLINN-PHONG-OURS";"green-acrylic";0.716666666666667
"DUPUY";"green-acrylic";0.833333333333333
"GGX";"green-acrylic";0.916666666666667
"GPLVM_APPROX.1";"green-acrylic";0.15
"GPLVM_APPROX.2";"green-acrylic";0.158333333333333
"GPLVM_APPROX.3";"green-acrylic";0.191666666666667
"GPLVM_APPROX.4";"green-acrylic";0.241666666666667
"GPLVM_APPROX.5";"green-acrylic";0.608333333333333
"GPLVM_APPROX.6";"green-acrylic";0.951612903225806
"LAFORTUNE";"green-acrylic";0.448275862068966
"LAFORTUNE-OURS";"green-acrylic";0.685483870967742
"WARD";"green-acrylic";0.201612903225806
"WARD-OURS";"green-acrylic";0.333333333333333
"BAGHER";"green-acrylic";0.208333333333333
"SGD";"green-acrylic";0.183333333333333
"ABC";"green-fabric";0.25
"ABC-OURS";"green-fabric";0.4
"BECKMAN";"green-fabric";0.741666666666667
"BLINN-PHONG";"green-fabric";0.241666666666667
"BLINN-PHONG-OURS";"green-fabric";0.266666666666667
"DUPUY";"green-fabric";0.35
"GGX";"green-fabric";0.45
"GPLVM_APPROX.1";"green-fabric";0.169354838709677
"GPLVM_APPROX.2";"green-fabric";0.193548387096774
"GPLVM_APPROX.3";"green-fabric";0.206896551724138
"GPLVM_APPROX.4";"green-fabric";0.341666666666667
"GPLVM_APPROX.5";"green-fabric";0.7734375
"GPLVM_APPROX.6";"green-fabric";0.862903225806452
"LAFORTUNE";"green-fabric";0.258333333333333
"LAFORTUNE-OURS";"green-fabric";0.191666666666667
"WARD";"green-fabric";0.391666666666667
"WARD-OURS";"green-fabric";0.5
"BAGHER";"green-fabric";0.183333333333333
"CHEBYCHEV";"green-fabric";0.866666666666667
"SGD";"green-fabric";0.216666666666667
"ABC";"green-latex";0.275
"ABC-OURS";"green-latex";0.191666666666667
"BECKMAN";"green-latex";0.65
"BLINN-PHONG";"green-latex";0.308333333333333
"BLINN-PHONG-OURS";"green-latex";0.208333333333333
"DUPUY";"green-latex";0.316666666666667
"GGX";"green-latex";0.475
"GPLVM_APPROX.1";"green-latex";0.145161290322581
"GPLVM_APPROX.2";"green-latex";0.208333333333333
"GPLVM_APPROX.3";"green-latex";0.1
"GPLVM_APPROX.4";"green-latex";0.233333333333333
"GPLVM_APPROX.5";"green-latex";0.55
"GPLVM_APPROX.6";"green-latex";0.858333333333333
"LAFORTUNE";"green-latex";0.333333333333333
"LAFORTUNE-OURS";"green-latex";0.103448275862069
"WARD";"green-latex";0.483333333333333
"WARD-OURS";"green-latex";0.308333333333333
"BAGHER";"green-latex";0.133333333333333
"CHEBYCHEV";"green-latex";0.483333333333333
"SGD";"green-latex";0.208333333333333
"ABC";"green-metallic-paint";0.282258064516129
"ABC-OURS";"green-metallic-paint";0.35
"BECKMAN";"green-metallic-paint";0.591666666666667
"BLINN-PHONG";"green-metallic-paint";0.233333333333333
"BLINN-PHONG-OURS";"green-metallic-paint";0.2
"DUPUY";"green-metallic-paint";0.208333333333333
"GGX";"green-metallic-paint";0.258333333333333
"GPLVM_APPROX.1";"green-metallic-paint";0.2
"GPLVM_APPROX.2";"green-metallic-paint";0.120967741935484
"GPLVM_APPROX.3";"green-metallic-paint";0.15
"GPLVM_APPROX.4";"green-metallic-paint";0.155172413793103
"GPLVM_APPROX.5";"green-metallic-paint";0.216666666666667
"GPLVM_APPROX.6";"green-metallic-paint";0.616666666666667
"LAFORTUNE";"green-metallic-paint";0.641666666666667
"LAFORTUNE-OURS";"green-metallic-paint";0.341666666666667
"WARD";"green-metallic-paint";0.416666666666667
"WARD-OURS";"green-metallic-paint";0.441666666666667
"BAGHER";"green-metallic-paint";0.191666666666667
"CHEBYCHEV";"green-metallic-paint";0.891666666666667
"SGD";"green-metallic-paint";0.125
"ABC";"green-metallic-paint2";0.325
"ABC-OURS";"green-metallic-paint2";0.716666666666667
"BECKMAN";"green-metallic-paint2";0.791666666666667
"BLINN-PHONG";"green-metallic-paint2";0.685483870967742
"BLINN-PHONG-OURS";"green-metallic-paint2";0.741666666666667
"DUPUY";"green-metallic-paint2";0.175
"GGX";"green-metallic-paint2";0.233333333333333
"GPLVM_APPROX.1";"green-metallic-paint2";0.191666666666667
"GPLVM_APPROX.2";"green-metallic-paint2";0.158333333333333
"GPLVM_APPROX.3";"green-metallic-paint2";0.1328125
"GPLVM_APPROX.4";"green-metallic-paint2";0.116666666666667
"GPLVM_APPROX.5";"green-metallic-paint2";0.225
"GPLVM_APPROX.6";"green-metallic-paint2";0.833333333333333
"LAFORTUNE";"green-metallic-paint2";0.525
"LAFORTUNE-OURS";"green-metallic-paint2";0.85
"WARD";"green-metallic-paint2";0.458333333333333
"WARD-OURS";"green-metallic-paint2";0.816666666666667
"BAGHER";"green-metallic-paint2";0.116666666666667
"SGD";"green-metallic-paint2";0.575
"ABC";"green-plastic";0.556451612903226
"ABC-OURS";"green-plastic";0.516666666666667
"BECKMAN";"green-plastic";0.8
"BLINN-PHONG";"green-plastic";0.375
"BLINN-PHONG-OURS";"green-plastic";0.7
"DUPUY";"green-plastic";0.7
"GGX";"green-plastic";0.808333333333333
"GPLVM_APPROX.1";"green-plastic";0.145161290322581
"GPLVM_APPROX.2";"green-plastic";0.161290322580645
"GPLVM_APPROX.3";"green-plastic";0.183333333333333
"GPLVM_APPROX.4";"green-plastic";0.341666666666667
"GPLVM_APPROX.5";"green-plastic";0.862903225806452
"GPLVM_APPROX.6";"green-plastic";0.975
"LAFORTUNE";"green-plastic";0.75
"LAFORTUNE-OURS";"green-plastic";0.366666666666667
"WARD";"green-plastic";0.175
"WARD-OURS";"green-plastic";0.216666666666667
"BAGHER";"green-plastic";0.208333333333333
"SGD";"green-plastic";0.191666666666667
"ABC";"hematite";0.17741935483871
"ABC-OURS";"hematite";0.591666666666667
"BECKMAN";"hematite";0.816666666666667
"BLINN-PHONG";"hematite";0.741935483870968
"BLINN-PHONG-OURS";"hematite";0.4296875
"DUPUY";"hematite";0.25
"GGX";"hematite";0.5
"GPLVM_APPROX.1";"hematite";0.133333333333333
"GPLVM_APPROX.2";"hematite";0.125
"GPLVM_APPROX.3";"hematite";0.108333333333333
"GPLVM_APPROX.4";"hematite";0.201612903225806
"GPLVM_APPROX.5";"hematite";0.575
"GPLVM_APPROX.6";"hematite";0.766129032258065
"LAFORTUNE";"hematite";0.716666666666667
"LAFORTUNE-OURS";"hematite";0.725
"WARD";"hematite";0.75
"WARD-OURS";"hematite";0.783333333333333
"BAGHER";"hematite";0.108333333333333
"SGD";"hematite";0.491666666666667
"ABC";"ipswich-pine-221";0.4
"ABC-OURS";"ipswich-pine-221";0.566666666666667
"BECKMAN";"ipswich-pine-221";0.741666666666667
"BLINN-PHONG";"ipswich-pine-221";0.387931034482759
"BLINN-PHONG-OURS";"ipswich-pine-221";0.25
"DUPUY";"ipswich-pine-221";0.533333333333333
"GGX";"ipswich-pine-221";0.483333333333333
"GPLVM_APPROX.1";"ipswich-pine-221";0.2
"GPLVM_APPROX.2";"ipswich-pine-221";0.158333333333333
"GPLVM_APPROX.3";"ipswich-pine-221";0.258064516129032
"GPLVM_APPROX.4";"ipswich-pine-221";0.391666666666667
"GPLVM_APPROX.5";"ipswich-pine-221";0.475
"GPLVM_APPROX.6";"ipswich-pine-221";0.808333333333333
"LAFORTUNE";"ipswich-pine-221";0.616666666666667
"LAFORTUNE-OURS";"ipswich-pine-221";0.588709677419355
"WARD";"ipswich-pine-221";0.633333333333333
"WARD-OURS";"ipswich-pine-221";0.733333333333333
"BAGHER";"ipswich-pine-221";0.125
"CHEBYCHEV";"ipswich-pine-221";0.95
"SGD";"ipswich-pine-221";0.314516129032258
"ABC";"light-brown-fabric";0.67741935483871
"ABC-OURS";"light-brown-fabric";0.633333333333333
"BECKMAN";"light-brown-fabric";0.75
"BLINN-PHONG-OURS";"light-brown-fabric";0.508333333333333
"DUPUY";"light-brown-fabric";0.35
"GGX";"light-brown-fabric";0.483333333333333
"GPLVM_APPROX.1";"light-brown-fabric";0.15
"GPLVM_APPROX.2";"light-brown-fabric";0.191666666666667
"GPLVM_APPROX.3";"light-brown-fabric";0.158333333333333
"GPLVM_APPROX.4";"light-brown-fabric";0.483333333333333
"GPLVM_APPROX.5";"light-brown-fabric";0.783333333333333
"GPLVM_APPROX.6";"light-brown-fabric";0.916666666666667
"LAFORTUNE-OURS";"light-brown-fabric";0.25
"WARD-OURS";"light-brown-fabric";0.508333333333333
"BAGHER";"light-brown-fabric";0.191666666666667
"CHEBYCHEV";"light-brown-fabric";0.316666666666667
"SGD";"light-brown-fabric";0.258333333333333
"ABC";"light-red-paint";0.283333333333333
"ABC-OURS";"light-red-paint";0.338709677419355
"BECKMAN";"light-red-paint";0.608333333333333
"BLINN-PHONG";"light-red-paint";0.125
"BLINN-PHONG-OURS";"light-red-paint";0.141666666666667
"DUPUY";"light-red-paint";0.458333333333333
"GGX";"light-red-paint";0.435483870967742
"GPLVM_APPROX.1";"light-red-paint";0.145161290322581
"GPLVM_APPROX.2";"light-red-paint";0.166666666666667
"GPLVM_APPROX.3";"light-red-paint";0.191666666666667
"GPLVM_APPROX.4";"light-red-paint";0.217741935483871
"GPLVM_APPROX.5";"light-red-paint";0.475
"GPLVM_APPROX.6";"light-red-paint";0.887931034482759
"LAFORTUNE";"light-red-paint";0.232758620689655
"LAFORTUNE-OURS";"light-red-paint";0.225806451612903
"WARD";"light-red-paint";0.308333333333333
"WARD-OURS";"light-red-paint";0.433333333333333
"BAGHER";"light-red-paint";0.183333333333333
"CHEBYCHEV";"light-red-paint";0.833333333333333
"SGD";"light-red-paint";0.2
"ABC";"maroon-plastic";0.491666666666667
"ABC-OURS";"maroon-plastic";0.533333333333333
"BECKMAN";"maroon-plastic";0.725
"BLINN-PHONG";"maroon-plastic";0.216666666666667
"BLINN-PHONG-OURS";"maroon-plastic";0.620967741935484
"DUPUY";"maroon-plastic";0.708333333333333
"GGX";"maroon-plastic";0.791666666666667
"GPLVM_APPROX.1";"maroon-plastic";0.155172413793103
"GPLVM_APPROX.2";"maroon-plastic";0.15
"GPLVM_APPROX.3";"maroon-plastic";0.158333333333333
"GPLVM_APPROX.4";"maroon-plastic";0.275
"GPLVM_APPROX.5";"maroon-plastic";0.8
"GPLVM_APPROX.6";"maroon-plastic";0.9
"LAFORTUNE";"maroon-plastic";0.708333333333333
"LAFORTUNE-OURS";"maroon-plastic";0.491935483870968
"WARD";"maroon-plastic";0.3
"WARD-OURS";"maroon-plastic";0.232758620689655
"BAGHER";"maroon-plastic";0.2
"SGD";"maroon-plastic";0.153225806451613
"ABC-OURS";"merl_new_metal_001";0.775
"BECKMAN";"merl_new_metal_001";0.116666666666667
"BLINN-PHONG-OURS";"merl_new_metal_001";0.666666666666667
"DUPUY";"merl_new_metal_001";0.133333333333333
"GGX";"merl_new_metal_001";0.116666666666667
"LAFORTUNE-OURS";"merl_new_metal_001";0.858333333333333
"WARD-OURS";"merl_new_metal_001";0.85
"ABC-OURS";"merl_new_metal_002";0.666666666666667
"BECKMAN";"merl_new_metal_002";0.0916666666666667
"BLINN-PHONG-OURS";"merl_new_metal_002";0.591666666666667
"DUPUY";"merl_new_metal_002";0.175
"GGX";"merl_new_metal_002";0.172413793103448
"LAFORTUNE-OURS";"merl_new_metal_002";0.833333333333333
"WARD-OURS";"merl_new_metal_002";0.775
"ABC-OURS";"merl_new_metal_003";0.908333333333333
"BECKMAN";"merl_new_metal_003";0.216666666666667
"BLINN-PHONG-OURS";"merl_new_metal_003";0.816666666666667
"DUPUY";"merl_new_metal_003";0.15
"GGX";"merl_new_metal_003";0.175
"LAFORTUNE-OURS";"merl_new_metal_003";0.908333333333333
"WARD-OURS";"merl_new_metal_003";0.798387096774194
"ABC-OURS";"merl_new_metal_004";0.725
"BECKMAN";"merl_new_metal_004";0.141666666666667
"BLINN-PHONG-OURS";"merl_new_metal_004";0.661290322580645
"DUPUY";"merl_new_metal_004";0.17741935483871
"GGX";"merl_new_metal_004";0.133333333333333
"LAFORTUNE-OURS";"merl_new_metal_004";0.816666666666667
"WARD-OURS";"merl_new_metal_004";0.830645161290323
"ABC-OURS";"merl_new_metal_005";0.658333333333333
"BECKMAN";"merl_new_metal_005";0.125
"BLINN-PHONG-OURS";"merl_new_metal_005";0.708333333333333
"DUPUY";"merl_new_metal_005";0.181034482758621
"GGX";"merl_new_metal_005";0.137096774193548
"LAFORTUNE-OURS";"merl_new_metal_005";0.816666666666667
"WARD-OURS";"merl_new_metal_005";0.758333333333333
"ABC-OURS";"merl_new_metal_006";0.65
"BECKMAN";"merl_new_metal_006";0.175
"BLINN-PHONG-OURS";"merl_new_metal_006";0.717741935483871
"DUPUY";"merl_new_metal_006";0.141666666666667
"GGX";"merl_new_metal_006";0.175
"LAFORTUNE-OURS";"merl_new_metal_006";0.758333333333333
"WARD-OURS";"merl_new_metal_006";0.625
"ABC-OURS";"merl_new_metal_007";0.588709677419355
"BECKMAN";"merl_new_metal_007";0.141666666666667
"BLINN-PHONG-OURS";"merl_new_metal_007";0.933333333333333
"DUPUY";"merl_new_metal_007";0.15
"GGX";"merl_new_metal_007";0.137096774193548
"LAFORTUNE-OURS";"merl_new_metal_007";0.725
"WARD-OURS";"merl_new_metal_007";0.691666666666667
"ABC-OURS";"merl_new_metal_008";0.766666666666667
"BECKMAN";"merl_new_metal_008";0.1
"BLINN-PHONG-OURS";"merl_new_metal_008";0.241666666666667
"DUPUY";"merl_new_metal_008";0.133333333333333
"GGX";"merl_new_metal_008";0.158333333333333
"LAFORTUNE-OURS";"merl_new_metal_008";0.758333333333333
"WARD-OURS";"merl_new_metal_008";0.158333333333333
"ABC-OURS";"merl_new_metal_009";0.681034482758621
"BECKMAN";"merl_new_metal_009";0.133333333333333
"BLINN-PHONG-OURS";"merl_new_metal_009";0.201612903225806
"DUPUY";"merl_new_metal_009";0.158333333333333
"GGX";"merl_new_metal_009";0.0967741935483871
"LAFORTUNE-OURS";"merl_new_metal_009";0.766666666666667
"WARD-OURS";"merl_new_metal_009";0.225
"ABC-OURS";"merl_new_metal_010";0.766666666666667
"BECKMAN";"merl_new_metal_010";0.208333333333333
"BLINN-PHONG-OURS";"merl_new_metal_010";0.25
"DUPUY";"merl_new_metal_010";0.137931034482759
"GGX";"merl_new_metal_010";0.125
"LAFORTUNE-OURS";"merl_new_metal_010";0.775
"WARD-OURS";"merl_new_metal_010";0.191666666666667
"ABC-OURS";"merl_new_metal_011";0.566666666666667
"BECKMAN";"merl_new_metal_011";0.233333333333333
"BLINN-PHONG-OURS";"merl_new_metal_011";0.266666666666667
"DUPUY";"merl_new_metal_011";0.166666666666667
"GGX";"merl_new_metal_011";0.15
"LAFORTUNE-OURS";"merl_new_metal_011";0.241666666666667
"WARD-OURS";"merl_new_metal_011";0.2
"ABC-OURS";"merl_new_metal_012";0.325
"BECKMAN";"merl_new_metal_012";0.133333333333333
"BLINN-PHONG-OURS";"merl_new_metal_012";0.425
"DUPUY";"merl_new_metal_012";0.175
"GGX";"merl_new_metal_012";0.241666666666667
"LAFORTUNE-OURS";"merl_new_metal_012";0.283333333333333
"WARD-OURS";"merl_new_metal_012";0.291666666666667
"ABC-OURS";"merl_new_metal_013";0.366666666666667
"BECKMAN";"merl_new_metal_013";0.225806451612903
"BLINN-PHONG-OURS";"merl_new_metal_013";0.161290322580645
"DUPUY";"merl_new_metal_013";0.191666666666667
"GGX";"merl_new_metal_013";0.25
"LAFORTUNE-OURS";"merl_new_metal_013";0.233870967741935
"WARD-OURS";"merl_new_metal_013";0.225
"ABC-OURS";"merl_new_metal_014";0.782258064516129
"BECKMAN";"merl_new_metal_014";0.116666666666667
"BLINN-PHONG-OURS";"merl_new_metal_014";0.825
"DUPUY";"merl_new_metal_014";0.0833333333333333
"GGX";"merl_new_metal_014";0.0948275862068965
"LAFORTUNE-OURS";"merl_new_metal_014";0.841666666666667
"WARD-OURS";"merl_new_metal_014";0.82258064516129
"ABC-OURS";"merl_new_metal_015";0.658333333333333
"BECKMAN";"merl_new_metal_015";0.137096774193548
"BLINN-PHONG-OURS";"merl_new_metal_015";0.675
"DUPUY";"merl_new_metal_015";0.133333333333333
"GGX";"merl_new_metal_015";0.103448275862069
"LAFORTUNE-OURS";"merl_new_metal_015";0.732758620689655
"WARD-OURS";"merl_new_metal_015";0.825
"ABC-OURS";"merl_new_metal_016";0.75
"BECKMAN";"merl_new_metal_016";0.2
"BLINN-PHONG-OURS";"merl_new_metal_016";0.766666666666667
"DUPUY";"merl_new_metal_016";0.15
"GGX";"merl_new_metal_016";0.1
"LAFORTUNE-OURS";"merl_new_metal_016";0.85
"WARD-OURS";"merl_new_metal_016";0.775
"ABC-OURS";"merl_new_metal_017";0.866666666666667
"BECKMAN";"merl_new_metal_017";0.0645161290322581
"BLINN-PHONG-OURS";"merl_new_metal_017";0.919354838709677
"DUPUY";"merl_new_metal_017";0.133333333333333
"GGX";"merl_new_metal_017";0.108333333333333
"LAFORTUNE-OURS";"merl_new_metal_017";0.846774193548387
"WARD-OURS";"merl_new_metal_017";0.8
"ABC-OURS";"merl_new_metal_018";0.766129032258065
"BECKMAN";"merl_new_metal_018";0.0689655172413793
"BLINN-PHONG-OURS";"merl_new_metal_018";0.8
"DUPUY";"merl_new_metal_018";0.15
"GGX";"merl_new_metal_018";0.120967741935484
"LAFORTUNE-OURS";"merl_new_metal_018";0.875
"WARD-OURS";"merl_new_metal_018";0.791666666666667
"ABC-OURS";"merl_new_metal_019";0.766666666666667
"BECKMAN";"merl_new_metal_019";0.0916666666666667
"BLINN-PHONG-OURS";"merl_new_metal_019";0.816666666666667
"DUPUY";"merl_new_metal_019";0.0833333333333333
"GGX";"merl_new_metal_019";0.075
"LAFORTUNE-OURS";"merl_new_metal_019";0.8359375
"WARD-OURS";"merl_new_metal_019";0.766666666666667
"ABC-OURS";"merl_new_metal_020";0.941666666666667
"BECKMAN";"merl_new_metal_020";0.175
"BLINN-PHONG-OURS";"merl_new_metal_020";0.725
"DUPUY";"merl_new_metal_020";0.125
"GGX";"merl_new_metal_020";0.104838709677419
"LAFORTUNE-OURS";"merl_new_metal_020";0.685483870967742
"WARD-OURS";"merl_new_metal_020";0.65
"ABC-OURS";"merl_new_metal_021";0.5
"BECKMAN";"merl_new_metal_021";0.183333333333333
"BLINN-PHONG-OURS";"merl_new_metal_021";0.15
"DUPUY";"merl_new_metal_021";0.141666666666667
"GGX";"merl_new_metal_021";0.141666666666667
"LAFORTUNE-OURS";"merl_new_metal_021";0.65
"WARD-OURS";"merl_new_metal_021";0.183333333333333
"ABC-OURS";"merl_new_metal_022";0.616666666666667
"BECKMAN";"merl_new_metal_022";0.172413793103448
"BLINN-PHONG-OURS";"merl_new_metal_022";0.266666666666667
"DUPUY";"merl_new_metal_022";0.193548387096774
"GGX";"merl_new_metal_022";0.201612903225806
"LAFORTUNE-OURS";"merl_new_metal_022";0.666666666666667
"WARD-OURS";"merl_new_metal_022";0.283333333333333
"ABC-OURS";"merl_new_metal_023";0.391666666666667
"BECKMAN";"merl_new_metal_023";0.17741935483871
"BLINN-PHONG-OURS";"merl_new_metal_023";0.375
"DUPUY";"merl_new_metal_023";0.15
"GGX";"merl_new_metal_023";0.15
"LAFORTUNE-OURS";"merl_new_metal_023";0.517241379310345
"WARD-OURS";"merl_new_metal_023";0.411290322580645
"ABC-OURS";"merl_new_metal_024";0.706896551724138
"BECKMAN";"merl_new_metal_024";0.133333333333333
"BLINN-PHONG-OURS";"merl_new_metal_024";0.283333333333333
"DUPUY";"merl_new_metal_024";0.15
"GGX";"merl_new_metal_024";0.1
"LAFORTUNE-OURS";"merl_new_metal_024";0.183333333333333
"WARD-OURS";"merl_new_metal_024";0.175
"ABC-OURS";"merl_new_metal_025";0.8
"BECKMAN";"merl_new_metal_025";0.15
"BLINN-PHONG-OURS";"merl_new_metal_025";0.241666666666667
"DUPUY";"merl_new_metal_025";0.0916666666666667
"GGX";"merl_new_metal_025";0.183333333333333
"LAFORTUNE-OURS";"merl_new_metal_025";0.15
"WARD-OURS";"merl_new_metal_025";0.225
"ABC-OURS";"merl_new_metal_026";0.916666666666667
"BECKMAN";"merl_new_metal_026";0.0833333333333333
"BLINN-PHONG-OURS";"merl_new_metal_026";0.966666666666667
"DUPUY";"merl_new_metal_026";0.1875
"GGX";"merl_new_metal_026";0.1
"LAFORTUNE-OURS";"merl_new_metal_026";0.825
"WARD-OURS";"merl_new_metal_026";0.933333333333333
"ABC-OURS";"merl_new_metal_027";0.808333333333333
"BECKMAN";"merl_new_metal_027";0.0666666666666667
"BLINN-PHONG-OURS";"merl_new_metal_027";0.833333333333333
"DUPUY";"merl_new_metal_027";0.141666666666667
"GGX";"merl_new_metal_027";0.125
"LAFORTUNE-OURS";"merl_new_metal_027";0.85
"WARD-OURS";"merl_new_metal_027";0.790322580645161
"ABC-OURS";"merl_new_metal_028";0.741666666666667
"BECKMAN";"merl_new_metal_028";0.112068965517241
"BLINN-PHONG-OURS";"merl_new_metal_028";0.708333333333333
"DUPUY";"merl_new_metal_028";0.0833333333333333
"GGX";"merl_new_metal_028";0.191666666666667
"LAFORTUNE-OURS";"merl_new_metal_028";0.862903225806452
"WARD-OURS";"merl_new_metal_028";0.75
"ABC-OURS";"merl_new_metal_029";0.35
"BECKMAN";"merl_new_metal_029";0.125
"BLINN-PHONG-OURS";"merl_new_metal_029";0.208333333333333
"DUPUY";"merl_new_metal_029";0.116666666666667
"GGX";"merl_new_metal_029";0.1
"LAFORTUNE-OURS";"merl_new_metal_029";0.53448275862069
"WARD-OURS";"merl_new_metal_029";0.258064516129032
"ABC-OURS";"merl_new_metal_030";0.283333333333333
"BECKMAN";"merl_new_metal_030";0.193548387096774
"BLINN-PHONG-OURS";"merl_new_metal_030";0.241666666666667
"DUPUY";"merl_new_metal_030";0.155172413793103
"GGX";"merl_new_metal_030";0.233333333333333
"LAFORTUNE-OURS";"merl_new_metal_030";0.306451612903226
"WARD-OURS";"merl_new_metal_030";0.283333333333333
"ABC-OURS";"merl_new_metal_031";0.666666666666667
"BECKMAN";"merl_new_metal_031";0.116666666666667
"BLINN-PHONG-OURS";"merl_new_metal_031";0.689655172413793
"DUPUY";"merl_new_metal_031";0.158333333333333
"GGX";"merl_new_metal_031";0.1
"LAFORTUNE-OURS";"merl_new_metal_031";0.791666666666667
"WARD-OURS";"merl_new_metal_031";0.675
"ABC";"natural-209";0.5
"ABC-OURS";"natural-209";0.716666666666667
"BECKMAN";"natural-209";0.775
"BLINN-PHONG";"natural-209";0.433333333333333
"BLINN-PHONG-OURS";"natural-209";0.166666666666667
"DUPUY";"natural-209";0.475
"GGX";"natural-209";0.483333333333333
"GPLVM_APPROX.1";"natural-209";0.158333333333333
"GPLVM_APPROX.2";"natural-209";0.141666666666667
"GPLVM_APPROX.3";"natural-209";0.155172413793103
"GPLVM_APPROX.4";"natural-209";0.241666666666667
"GPLVM_APPROX.5";"natural-209";0.383333333333333
"GPLVM_APPROX.6";"natural-209";0.8
"LAFORTUNE";"natural-209";0.591666666666667
"LAFORTUNE-OURS";"natural-209";0.435483870967742
"WARD";"natural-209";0.658333333333333
"WARD-OURS";"natural-209";0.816666666666667
"BAGHER";"natural-209";0.166666666666667
"CHEBYCHEV";"natural-209";0.858333333333333
"SGD";"natural-209";0.408333333333333
"ABC";"neoprene-rubber";0.258064516129032
"ABC-OURS";"neoprene-rubber";0.233333333333333
"BECKMAN";"neoprene-rubber";0.566666666666667
"BLINN-PHONG";"neoprene-rubber";0.283333333333333
"BLINN-PHONG-OURS";"neoprene-rubber";0.166666666666667
"DUPUY";"neoprene-rubber";0.266666666666667
"GGX";"neoprene-rubber";0.408333333333333
"GPLVM_APPROX.1";"neoprene-rubber";0.291666666666667
"GPLVM_APPROX.2";"neoprene-rubber";0.241379310344828
"GPLVM_APPROX.3";"neoprene-rubber";0.175
"GPLVM_APPROX.4";"neoprene-rubber";0.224137931034483
"GPLVM_APPROX.5";"neoprene-rubber";0.325
"GPLVM_APPROX.6";"neoprene-rubber";0.358333333333333
"LAFORTUNE";"neoprene-rubber";0.225
"LAFORTUNE-OURS";"neoprene-rubber";0.209677419354839
"WARD";"neoprene-rubber";0.358333333333333
"WARD-OURS";"neoprene-rubber";0.3
"BAGHER";"neoprene-rubber";0.2
"CHEBYCHEV";"neoprene-rubber";0.575
"SGD";"neoprene-rubber";0.241666666666667
"ABC";"nickel";0.483333333333333
"ABC-OURS";"nickel";0.508620689655172
"BECKMAN";"nickel";0.516666666666667
"BLINN-PHONG";"nickel";0.225
"BLINN-PHONG-OURS";"nickel";0.55
"DUPUY";"nickel";0.191666666666667
"GGX";"nickel";0.116666666666667
"GPLVM_APPROX.1";"nickel";0.133333333333333
"GPLVM_APPROX.2";"nickel";0.075
"GPLVM_APPROX.3";"nickel";0.108333333333333
"GPLVM_APPROX.4";"nickel";0.125
"GPLVM_APPROX.5";"nickel";0.408333333333333
"GPLVM_APPROX.6";"nickel";0.732758620689655
"LAFORTUNE";"nickel";0.658333333333333
"LAFORTUNE-OURS";"nickel";0.775
"WARD";"nickel";0.216666666666667
"WARD-OURS";"nickel";0.5
"BAGHER";"nickel";0.141666666666667
"SGD";"nickel";0.275
"ABC";"nylon";0.408333333333333
"ABC-OURS";"nylon";0.316666666666667
"BECKMAN";"nylon";0.525
"BLINN-PHONG";"nylon";0.2
"BLINN-PHONG-OURS";"nylon";0.241666666666667
"DUPUY";"nylon";0.325
"GGX";"nylon";0.416666666666667
"GPLVM_APPROX.1";"nylon";0.191666666666667
"GPLVM_APPROX.2";"nylon";0.169354838709677
"GPLVM_APPROX.3";"nylon";0.217741935483871
"GPLVM_APPROX.4";"nylon";0.172413793103448
"GPLVM_APPROX.5";"nylon";0.266129032258065
"GPLVM_APPROX.6";"nylon";0.675
"LAFORTUNE";"nylon";0.291666666666667
"LAFORTUNE-OURS";"nylon";0.2
"WARD";"nylon";0.416666666666667
"WARD-OURS";"nylon";0.325
"BAGHER";"nylon";0.208333333333333
"SGD";"nylon";0.283333333333333
"ABC";"orange-paint";0.258333333333333
"ABC-OURS";"orange-paint";0.183333333333333
"BECKMAN";"orange-paint";0.65
"BLINN-PHONG";"orange-paint";0.233333333333333
"BLINN-PHONG-OURS";"orange-paint";0.191666666666667
"DUPUY";"orange-paint";0.425
"GGX";"orange-paint";0.441666666666667
"GPLVM_APPROX.1";"orange-paint";0.0916666666666667
"GPLVM_APPROX.2";"orange-paint";0.216666666666667
"GPLVM_APPROX.3";"orange-paint";0.201612903225806
"GPLVM_APPROX.4";"orange-paint";0.383333333333333
"GPLVM_APPROX.5";"orange-paint";0.791666666666667
"GPLVM_APPROX.6";"orange-paint";0.9
"LAFORTUNE";"orange-paint";0.275
"LAFORTUNE-OURS";"orange-paint";0.201612903225806
"WARD";"orange-paint";0.35
"WARD-OURS";"orange-paint";0.333333333333333
"BAGHER";"orange-paint";0.141666666666667
"CHEBYCHEV";"orange-paint";0.516666666666667
"SGD";"orange-paint";0.225
"ABC";"pearl-paint";0.3
"ABC-OURS";"pearl-paint";0.338709677419355
"BECKMAN";"pearl-paint";0.6
"BLINN-PHONG";"pearl-paint";0.209677419354839
"BLINN-PHONG-OURS";"pearl-paint";0.233870967741935
"DUPUY";"pearl-paint";0.282258064516129
"GGX";"pearl-paint";0.258333333333333
"GPLVM_APPROX.1";"pearl-paint";0.25
"GPLVM_APPROX.2";"pearl-paint";0.258333333333333
"GPLVM_APPROX.3";"pearl-paint";0.258064516129032
"GPLVM_APPROX.4";"pearl-paint";0.275
"GPLVM_APPROX.5";"pearl-paint";0.65
"GPLVM_APPROX.6";"pearl-paint";0.866666666666667
"LAFORTUNE";"pearl-paint";0.25
"LAFORTUNE-OURS";"pearl-paint";0.2
"WARD";"pearl-paint";0.3
"WARD-OURS";"pearl-paint";0.25
"BAGHER";"pearl-paint";0.2
"CHEBYCHEV";"pearl-paint";0.4
"SGD";"pearl-paint";0.233333333333333
"ABC";"pickled-oak-260";0.191666666666667
"ABC-OURS";"pickled-oak-260";0.233333333333333
"BECKMAN";"pickled-oak-260";0.708333333333333
"BLINN-PHONG";"pickled-oak-260";0.258333333333333
"BLINN-PHONG-OURS";"pickled-oak-260";0.208333333333333
"DUPUY";"pickled-oak-260";0.25
"GGX";"pickled-oak-260";0.333333333333333
"GPLVM_APPROX.1";"pickled-oak-260";0.193548387096774
"GPLVM_APPROX.2";"pickled-oak-260";0.15
"GPLVM_APPROX.3";"pickled-oak-260";0.216666666666667
"GPLVM_APPROX.4";"pickled-oak-260";0.275
"GPLVM_APPROX.5";"pickled-oak-260";0.591666666666667
"GPLVM_APPROX.6";"pickled-oak-260";0.858333333333333
"LAFORTUNE";"pickled-oak-260";0.258333333333333
"LAFORTUNE-OURS";"pickled-oak-260";0.25
"WARD";"pickled-oak-260";0.316666666666667
"WARD-OURS";"pickled-oak-260";0.298387096774194
"BAGHER";"pickled-oak-260";0.225
"CHEBYCHEV";"pickled-oak-260";0.516666666666667
"SGD";"pickled-oak-260";0.308333333333333
"ABC";"pink-fabric";0.216666666666667
"ABC-OURS";"pink-fabric";0.217741935483871
"BECKMAN";"pink-fabric";0.558333333333333
"BLINN-PHONG";"pink-fabric";0.833333333333333
"BLINN-PHONG-OURS";"pink-fabric";0.183333333333333
"DUPUY";"pink-fabric";0.408333333333333
"GGX";"pink-fabric";0.516666666666667
"GPLVM_APPROX.1";"pink-fabric";0.291666666666667
"GPLVM_APPROX.2";"pink-fabric";0.316666666666667
"GPLVM_APPROX.3";"pink-fabric";0.266666666666667
"GPLVM_APPROX.4";"pink-fabric";0.233333333333333
"GPLVM_APPROX.5";"pink-fabric";0.1796875
"GPLVM_APPROX.6";"pink-fabric";0.383333333333333
"LAFORTUNE";"pink-fabric";0.908333333333333
"LAFORTUNE-OURS";"pink-fabric";0.183333333333333
"WARD";"pink-fabric";0.816666666666667
"WARD-OURS";"pink-fabric";0.341666666666667
"BAGHER";"pink-fabric";0.15
"CHEBYCHEV";"pink-fabric";0.191666666666667
"SGD";"pink-fabric";0.25
"ABC";"pink-fabric2";0.443548387096774
"ABC-OURS";"pink-fabric2";0.548387096774194
"BECKMAN";"pink-fabric2";0.575
"BLINN-PHONG-OURS";"pink-fabric2";0.258333333333333
"DUPUY";"pink-fabric2";0.325
"GGX";"pink-fabric2";0.466666666666667
"GPLVM_APPROX.1";"pink-fabric2";0.166666666666667
"GPLVM_APPROX.2";"pink-fabric2";0.15
"GPLVM_APPROX.3";"pink-fabric2";0.225806451612903
"GPLVM_APPROX.4";"pink-fabric2";0.241666666666667
"GPLVM_APPROX.5";"pink-fabric2";0.666666666666667
"GPLVM_APPROX.6";"pink-fabric2";0.895161290322581
"LAFORTUNE-OURS";"pink-fabric2";0.283333333333333
"WARD-OURS";"pink-fabric2";0.3
"BAGHER";"pink-fabric2";0.15
"CHEBYCHEV";"pink-fabric2";0.233333333333333
"SGD";"pink-fabric2";0.191666666666667
"ABC";"pink-felt";0.15
"ABC-OURS";"pink-felt";0.333333333333333
"BECKMAN";"pink-felt";0.612903225806452
"BLINN-PHONG";"pink-felt";0.275
"BLINN-PHONG-OURS";"pink-felt";0.25
"DUPUY";"pink-felt";0.375
"GGX";"pink-felt";0.475
"GPLVM_APPROX.1";"pink-felt";0.208333333333333
"GPLVM_APPROX.2";"pink-felt";0.166666666666667
"GPLVM_APPROX.3";"pink-felt";0.266666666666667
"GPLVM_APPROX.4";"pink-felt";0.258333333333333
"GPLVM_APPROX.5";"pink-felt";0.3
"GPLVM_APPROX.6";"pink-felt";0.566666666666667
"LAFORTUNE";"pink-felt";0.166666666666667
"LAFORTUNE-OURS";"pink-felt";0.17741935483871
"WARD";"pink-felt";0.341666666666667
"WARD-OURS";"pink-felt";0.341666666666667
"BAGHER";"pink-felt";0.175
"CHEBYCHEV";"pink-felt";0.225
"SGD";"pink-felt";0.216666666666667
"ABC";"pink-jasper";0.258620689655172
"ABC-OURS";"pink-jasper";0.25
"BECKMAN";"pink-jasper";0.65
"BLINN-PHONG";"pink-jasper";0.189655172413793
"BLINN-PHONG-OURS";"pink-jasper";0.25
"DUPUY";"pink-jasper";0.441666666666667
"GGX";"pink-jasper";0.583333333333333
"GPLVM_APPROX.1";"pink-jasper";0.17741935483871
"GPLVM_APPROX.2";"pink-jasper";0.175
"GPLVM_APPROX.3";"pink-jasper";0.208333333333333
"GPLVM_APPROX.4";"pink-jasper";0.2
"GPLVM_APPROX.5";"pink-jasper";0.491379310344828
"GPLVM_APPROX.6";"pink-jasper";0.791666666666667
"LAFORTUNE";"pink-jasper";0.641666666666667
"LAFORTUNE-OURS";"pink-jasper";0.325
"WARD";"pink-jasper";0.233333333333333
"WARD-OURS";"pink-jasper";0.291666666666667
"BAGHER";"pink-jasper";0.158333333333333
"SGD";"pink-jasper";0.225
"ABC";"pink-plastic";0.225
"ABC-OURS";"pink-plastic";0.201612903225806
"BECKMAN";"pink-plastic";0.608333333333333
"BLINN-PHONG";"pink-plastic";0.208333333333333
"BLINN-PHONG-OURS";"pink-plastic";0.185483870967742
"DUPUY";"pink-plastic";0.341666666666667
"GGX";"pink-plastic";0.466666666666667
"GPLVM_APPROX.1";"pink-plastic";0.258333333333333
"GPLVM_APPROX.2";"pink-plastic";0.15
"GPLVM_APPROX.3";"pink-plastic";0.183333333333333
"GPLVM_APPROX.4";"pink-plastic";0.575
"GPLVM_APPROX.5";"pink-plastic";0.891666666666667
"GPLVM_APPROX.6";"pink-plastic";0.862068965517241
"LAFORTUNE";"pink-plastic";0.191666666666667
"LAFORTUNE-OURS";"pink-plastic";0.191666666666667
"WARD";"pink-plastic";0.308333333333333
"WARD-OURS";"pink-plastic";0.341666666666667
"BAGHER";"pink-plastic";0.2
"CHEBYCHEV";"pink-plastic";0.333333333333333
"SGD";"pink-plastic";0.183333333333333
"ABC";"polyethylene";0.225
"ABC-OURS";"polyethylene";0.275862068965517
"BECKMAN";"polyethylene";0.633333333333333
"BLINN-PHONG";"polyethylene";0.225
"BLINN-PHONG-OURS";"polyethylene";0.233333333333333
"DUPUY";"polyethylene";0.358333333333333
"GGX";"polyethylene";0.558333333333333
"GPLVM_APPROX.1";"polyethylene";0.141666666666667
"GPLVM_APPROX.2";"polyethylene";0.108333333333333
"GPLVM_APPROX.3";"polyethylene";0.216666666666667
"GPLVM_APPROX.4";"polyethylene";0.155172413793103
"GPLVM_APPROX.5";"polyethylene";0.483333333333333
"GPLVM_APPROX.6";"polyethylene";0.862903225806452
"LAFORTUNE";"polyethylene";0.2
"LAFORTUNE-OURS";"polyethylene";0.169354838709677
"WARD";"polyethylene";0.341666666666667
"WARD-OURS";"polyethylene";0.306451612903226
"BAGHER";"polyethylene";0.141666666666667
"CHEBYCHEV";"polyethylene";0.308333333333333
"LEGENDRE";"polyethylene";0.35
"SGD";"polyethylene";0.316666666666667
"ABC";"polyurethane-foam";0.387096774193548
"ABC-OURS";"polyurethane-foam";0.458333333333333
"BECKMAN";"polyurethane-foam";0.716666666666667
"BLINN-PHONG";"polyurethane-foam";0.341666666666667
"BLINN-PHONG-OURS";"polyurethane-foam";0.2
"DUPUY";"polyurethane-foam";0.408333333333333
"GGX";"polyurethane-foam";0.483333333333333
"GPLVM_APPROX.1";"polyurethane-foam";0.225
"GPLVM_APPROX.2";"polyurethane-foam";0.225
"GPLVM_APPROX.3";"polyurethane-foam";0.209677419354839
"GPLVM_APPROX.4";"polyurethane-foam";0.532258064516129
"GPLVM_APPROX.5";"polyurethane-foam";0.758064516129032
"GPLVM_APPROX.6";"polyurethane-foam";0.895161290322581
"LAFORTUNE";"polyurethane-foam";0.291666666666667
"LAFORTUNE-OURS";"polyurethane-foam";0.17741935483871
"WARD";"polyurethane-foam";0.483333333333333
"WARD-OURS";"polyurethane-foam";0.541666666666667
"BAGHER";"polyurethane-foam";0.183333333333333
"CHEBYCHEV";"polyurethane-foam";0.25
"LEGENDRE";"polyurethane-foam";0.191666666666667
"SGD";"polyurethane-foam";0.25
"ABC";"pure-rubber";0.208333333333333
"ABC-OURS";"pure-rubber";0.208333333333333
"BECKMAN";"pure-rubber";0.575
"BLINN-PHONG";"pure-rubber";0.137096774193548
"BLINN-PHONG-OURS";"pure-rubber";0.225
"DUPUY";"pure-rubber";0.366666666666667
"GGX";"pure-rubber";0.466666666666667
"GPLVM_APPROX.1";"pure-rubber";0.208333333333333
"GPLVM_APPROX.2";"pure-rubber";0.15
"GPLVM_APPROX.3";"pure-rubber";0.141666666666667
"GPLVM_APPROX.4";"pure-rubber";0.146551724137931
"GPLVM_APPROX.5";"pure-rubber";0.451612903225806
"GPLVM_APPROX.6";"pure-rubber";0.875
"LAFORTUNE";"pure-rubber";0.233333333333333
"LAFORTUNE-OURS";"pure-rubber";0.112903225806452
"WARD";"pure-rubber";0.308333333333333
"WARD-OURS";"pure-rubber";0.298387096774194
"BAGHER";"pure-rubber";0.191666666666667
"CHEBYCHEV";"pure-rubber";0.183333333333333
"LEGENDRE";"pure-rubber";0.166666666666667
"SGD";"pure-rubber";0.208333333333333
"ABC";"purple-paint";0.441666666666667
"ABC-OURS";"purple-paint";0.548387096774194
"BECKMAN";"purple-paint";0.775
"BLINN-PHONG";"purple-paint";0.266666666666667
"BLINN-PHONG-OURS";"purple-paint";0.125
"DUPUY";"purple-paint";0.641666666666667
"GGX";"purple-paint";0.641666666666667
"GPLVM_APPROX.1";"purple-paint";0.133333333333333
"GPLVM_APPROX.2";"purple-paint";0.183333333333333
"GPLVM_APPROX.3";"purple-paint";0.158333333333333
"GPLVM_APPROX.4";"purple-paint";0.25
"GPLVM_APPROX.5";"purple-paint";0.433333333333333
"GPLVM_APPROX.6";"purple-paint";0.725806451612903
"LAFORTUNE";"purple-paint";0.641666666666667
"LAFORTUNE-OURS";"purple-paint";0.216666666666667
"WARD";"purple-paint";0.416666666666667
"WARD-OURS";"purple-paint";0.3
"BAGHER";"purple-paint";0.191666666666667
"CHEBYCHEV";"purple-paint";0.916666666666667
"LEGENDRE";"purple-paint";0.933333333333333
"SGD";"purple-paint";0.166666666666667
"ABC";"pvc";0.533333333333333
"ABC-OURS";"pvc";0.55
"BECKMAN";"pvc";0.666666666666667
"BLINN-PHONG";"pvc";0.325
"BLINN-PHONG-OURS";"pvc";0.258333333333333
"DUPUY";"pvc";0.358333333333333
"GGX";"pvc";0.55
"GPLVM_APPROX.1";"pvc";0.112068965517241
"GPLVM_APPROX.2";"pvc";0.241666666666667
"GPLVM_APPROX.3";"pvc";0.125
"GPLVM_APPROX.4";"pvc";0.129032258064516
"GPLVM_APPROX.5";"pvc";0.556451612903226
"GPLVM_APPROX.6";"pvc";0.841666666666667
"LAFORTUNE";"pvc";0.65
"LAFORTUNE-OURS";"pvc";0.532258064516129
"WARD";"pvc";0.466666666666667
"WARD-OURS";"pvc";0.333333333333333
"BAGHER";"pvc";0.158333333333333
"SGD";"pvc";0.191666666666667
"ABC";"red-fabric";0.216666666666667
"ABC-OURS";"red-fabric";0.3
"BECKMAN";"red-fabric";0.558333333333333
"BLINN-PHONG";"red-fabric";0.241379310344828
"BLINN-PHONG-OURS";"red-fabric";0.208333333333333
"DUPUY";"red-fabric";0.35
"GGX";"red-fabric";0.383333333333333
"GPLVM_APPROX.1";"red-fabric";0.125
"GPLVM_APPROX.2";"red-fabric";0.15
"GPLVM_APPROX.3";"red-fabric";0.145161290322581
"GPLVM_APPROX.4";"red-fabric";0.193548387096774
"GPLVM_APPROX.5";"red-fabric";0.564516129032258
"GPLVM_APPROX.6";"red-fabric";0.816666666666667
"LAFORTUNE";"red-fabric";0.225806451612903
"LAFORTUNE-OURS";"red-fabric";0.193548387096774
"WARD";"red-fabric";0.366666666666667
"WARD-OURS";"red-fabric";0.375
"BAGHER";"red-fabric";0.183333333333333
"CHEBYCHEV";"red-fabric";0.3
"LEGENDRE";"red-fabric";0.241666666666667
"SGD";"red-fabric";0.233333333333333
"ABC";"red-fabric2";0.216666666666667
"ABC-OURS";"red-fabric2";0.193548387096774
"BECKMAN";"red-fabric2";0.575
"BLINN-PHONG-OURS";"red-fabric2";0.55
"DUPUY";"red-fabric2";0.441666666666667
"GGX";"red-fabric2";0.575
"GPLVM_APPROX.1";"red-fabric2";0.198275862068966
"GPLVM_APPROX.2";"red-fabric2";0.191666666666667
"GPLVM_APPROX.3";"red-fabric2";0.208333333333333
"GPLVM_APPROX.4";"red-fabric2";0.1875
"GPLVM_APPROX.5";"red-fabric2";0.548387096774194
"GPLVM_APPROX.6";"red-fabric2";0.883333333333333
"LAFORTUNE-OURS";"red-fabric2";0.166666666666667
"WARD-OURS";"red-fabric2";0.45
"BAGHER";"red-fabric2";0.208333333333333
"CHEBYCHEV";"red-fabric2";0.983333333333333
"LEGENDRE";"red-fabric2";0.275
"SGD";"red-fabric2";0.233333333333333
"ABC";"red-metallic-paint";0.158333333333333
"ABC-OURS";"red-metallic-paint";0.790322580645161
"BECKMAN";"red-metallic-paint";0.741666666666667
"BLINN-PHONG";"red-metallic-paint";0.8
"BLINN-PHONG-OURS";"red-metallic-paint";0.870967741935484
"DUPUY";"red-metallic-paint";0.141666666666667
"GGX";"red-metallic-paint";0.3
"GPLVM_APPROX.1";"red-metallic-paint";0.112068965517241
"GPLVM_APPROX.2";"red-metallic-paint";0.0775862068965517
"GPLVM_APPROX.3";"red-metallic-paint";0.129032258064516
"GPLVM_APPROX.4";"red-metallic-paint";0.0967741935483871
"GPLVM_APPROX.5";"red-metallic-paint";0.4
"GPLVM_APPROX.6";"red-metallic-paint";0.633333333333333
"LAFORTUNE";"red-metallic-paint";0.67741935483871
"LAFORTUNE-OURS";"red-metallic-paint";0.75
"WARD";"red-metallic-paint";0.55
"WARD-OURS";"red-metallic-paint";0.766666666666667
"BAGHER";"red-metallic-paint";0.125
"SGD";"red-metallic-paint";0.616666666666667
"ABC";"red-phenolic";0.25
"ABC-OURS";"red-phenolic";0.291666666666667
"BECKMAN";"red-phenolic";0.825
"BLINN-PHONG";"red-phenolic";0.3
"BLINN-PHONG-OURS";"red-phenolic";0.308333333333333
"DUPUY";"red-phenolic";0.825
"GGX";"red-phenolic";0.858333333333333
"GPLVM_APPROX.1";"red-phenolic";0.153225806451613
"GPLVM_APPROX.2";"red-phenolic";0.208333333333333
"GPLVM_APPROX.3";"red-phenolic";0.258333333333333
"GPLVM_APPROX.4";"red-phenolic";0.233333333333333
"GPLVM_APPROX.5";"red-phenolic";0.2
"GPLVM_APPROX.6";"red-phenolic";0.458333333333333
"LAFORTUNE";"red-phenolic";0.3
"LAFORTUNE-OURS";"red-phenolic";0.458333333333333
"WARD";"red-phenolic";0.258333333333333
"WARD-OURS";"red-phenolic";0.441666666666667
"BAGHER";"red-phenolic";0.15
"SGD";"red-phenolic";0.341666666666667
"ABC";"red-plastic";0.375
"ABC-OURS";"red-plastic";0.46551724137931
"BECKMAN";"red-plastic";0.691666666666667
"BLINN-PHONG";"red-plastic";0.166666666666667
"BLINN-PHONG-OURS";"red-plastic";0.216666666666667
"DUPUY";"red-plastic";0.583333333333333
"GGX";"red-plastic";0.525
"GPLVM_APPROX.1";"red-plastic";0.191666666666667
"GPLVM_APPROX.2";"red-plastic";0.125
"GPLVM_APPROX.3";"red-plastic";0.183333333333333
"GPLVM_APPROX.4";"red-plastic";0.266129032258065
"GPLVM_APPROX.5";"red-plastic";0.575
"GPLVM_APPROX.6";"red-plastic";0.903225806451613
"LAFORTUNE";"red-plastic";0.333333333333333
"LAFORTUNE-OURS";"red-plastic";0.333333333333333
"WARD";"red-plastic";0.375
"WARD-OURS";"red-plastic";0.525
"BAGHER";"red-plastic";0.191666666666667
"CHEBYCHEV";"red-plastic";0.825
"LEGENDRE";"red-plastic";0.9
"SGD";"red-plastic";0.258333333333333
"ABC";"red-specular-plastic";0.612903225806452
"ABC-OURS";"red-specular-plastic";0.7
"BECKMAN";"red-specular-plastic";0.85
"BLINN-PHONG";"red-specular-plastic";0.25
"BLINN-PHONG-OURS";"red-specular-plastic";0.596774193548387
"DUPUY";"red-specular-plastic";0.775
"GGX";"red-specular-plastic";0.783333333333333
"GPLVM_APPROX.1";"red-specular-plastic";0.1
"GPLVM_APPROX.2";"red-specular-plastic";0.112903225806452
"GPLVM_APPROX.3";"red-specular-plastic";0.166666666666667
"GPLVM_APPROX.4";"red-specular-plastic";0.25
"GPLVM_APPROX.5";"red-specular-plastic";0.774193548387097
"GPLVM_APPROX.6";"red-specular-plastic";0.958333333333333
"LAFORTUNE";"red-specular-plastic";0.391666666666667
"LAFORTUNE-OURS";"red-specular-plastic";0.283333333333333
"WARD";"red-specular-plastic";0.266666666666667
"WARD-OURS";"red-specular-plastic";0.258333333333333
"BAGHER";"red-specular-plastic";0.158333333333333
"SGD";"red-specular-plastic";0.275
"ABC";"silicon-nitrade";0.491666666666667
"ABC-OURS";"silicon-nitrade";0.791666666666667
"BECKMAN";"silicon-nitrade";0.908333333333333
"BLINN-PHONG";"silicon-nitrade";0.75
"BLINN-PHONG-OURS";"silicon-nitrade";0.666666666666667
"DUPUY";"silicon-nitrade";0.141666666666667
"GGX";"silicon-nitrade";0.858333333333333
"GPLVM_APPROX.1";"silicon-nitrade";0.125
"GPLVM_APPROX.2";"silicon-nitrade";0.166666666666667
"GPLVM_APPROX.3";"silicon-nitrade";0.141666666666667
"GPLVM_APPROX.4";"silicon-nitrade";0.125
"GPLVM_APPROX.5";"silicon-nitrade";0.155172413793103
"GPLVM_APPROX.6";"silicon-nitrade";0.620967741935484
"LAFORTUNE";"silicon-nitrade";0.575
"LAFORTUNE-OURS";"silicon-nitrade";0.708333333333333
"WARD";"silicon-nitrade";0.6
"WARD-OURS";"silicon-nitrade";0.475806451612903
"BAGHER";"silicon-nitrade";0.158333333333333
"SGD";"silicon-nitrade";0.625
"ABC";"silver-metallic-paint";0.766666666666667
"ABC-OURS";"silver-metallic-paint";0.775
"BECKMAN";"silver-metallic-paint";0.475
"BLINN-PHONG";"silver-metallic-paint";0.185483870967742
"BLINN-PHONG-OURS";"silver-metallic-paint";0.183333333333333
"DUPUY";"silver-metallic-paint";0.191666666666667
"GGX";"silver-metallic-paint";0.216666666666667
"GPLVM_APPROX.1";"silver-metallic-paint";0.0833333333333333
"GPLVM_APPROX.2";"silver-metallic-paint";0.0967741935483871
"GPLVM_APPROX.3";"silver-metallic-paint";0.185483870967742
"GPLVM_APPROX.4";"silver-metallic-paint";0.17741935483871
"GPLVM_APPROX.5";"silver-metallic-paint";0.525
"GPLVM_APPROX.6";"silver-metallic-paint";0.85
"LAFORTUNE";"silver-metallic-paint";0.209677419354839
"LAFORTUNE-OURS";"silver-metallic-paint";0.181034482758621
"WARD";"silver-metallic-paint";0.125
"WARD-OURS";"silver-metallic-paint";0.2109375
"BAGHER";"silver-metallic-paint";0.183333333333333
"CHEBYCHEV";"silver-metallic-paint";0.5
"LEGENDRE";"silver-metallic-paint";0.475
"SGD";"silver-metallic-paint";0.308333333333333
"ABC";"silver-metallic-paint2";0.691666666666667
"ABC-OURS";"silver-metallic-paint2";0.645161290322581
"BECKMAN";"silver-metallic-paint2";0.408333333333333
"BLINN-PHONG-OURS";"silver-metallic-paint2";0.233333333333333
"DUPUY";"silver-metallic-paint2";0.341666666666667
"GGX";"silver-metallic-paint2";0.325
"GPLVM_APPROX.1";"silver-metallic-paint2";0.2
"GPLVM_APPROX.2";"silver-metallic-paint2";0.208333333333333
"GPLVM_APPROX.3";"silver-metallic-paint2";0.2
"GPLVM_APPROX.4";"silver-metallic-paint2";0.2
"GPLVM_APPROX.5";"silver-metallic-paint2";0.391666666666667
"GPLVM_APPROX.6";"silver-metallic-paint2";0.741666666666667
"LAFORTUNE-OURS";"silver-metallic-paint2";0.258333333333333
"WARD-OURS";"silver-metallic-paint2";0.193548387096774
"BAGHER";"silver-metallic-paint2";0.183333333333333
"CHEBYCHEV";"silver-metallic-paint2";0.525
"LEGENDRE";"silver-metallic-paint2";0.691666666666667
"SGD";"silver-metallic-paint2";0.633333333333333
"ABC";"silver-paint";0.439655172413793
"ABC-OURS";"silver-paint";0.411290322580645
"BECKMAN";"silver-paint";0.541666666666667
"BLINN-PHONG";"silver-paint";0.216666666666667
"BLINN-PHONG-OURS";"silver-paint";0.25
"DUPUY";"silver-paint";0.233333333333333
"GGX";"silver-paint";0.241666666666667
"GPLVM_APPROX.1";"silver-paint";0.185483870967742
"GPLVM_APPROX.2";"silver-paint";0.191666666666667
"GPLVM_APPROX.3";"silver-paint";0.141666666666667
"GPLVM_APPROX.4";"silver-paint";0.175
"GPLVM_APPROX.5";"silver-paint";0.366666666666667
"GPLVM_APPROX.6";"silver-paint";0.775
"LAFORTUNE";"silver-paint";0.141666666666667
"LAFORTUNE-OURS";"silver-paint";0.25
"WARD";"silver-paint";0.233870967741935
"WARD-OURS";"silver-paint";0.191666666666667
"BAGHER";"silver-paint";0.175
"CHEBYCHEV";"silver-paint";0.55
"LEGENDRE";"silver-paint";0.443548387096774
"SGD";"silver-paint";0.25
"ABC";"special-walnut-224";0.314516129032258
"ABC-OURS";"special-walnut-224";0.35
"BECKMAN";"special-walnut-224";0.691666666666667
"BLINN-PHONG";"special-walnut-224";0.458333333333333
"BLINN-PHONG-OURS";"special-walnut-224";0.208333333333333
"DUPUY";"special-walnut-224";0.15
"GGX";"special-walnut-224";0.15
"GPLVM_APPROX.1";"special-walnut-224";0.175
"GPLVM_APPROX.2";"special-walnut-224";0.216666666666667
"GPLVM_APPROX.3";"special-walnut-224";0.158333333333333
"GPLVM_APPROX.4";"special-walnut-224";0.163793103448276
"GPLVM_APPROX.5";"special-walnut-224";0.225
"GPLVM_APPROX.6";"special-walnut-224";0.591666666666667
"LAFORTUNE";"special-walnut-224";0.625
"LAFORTUNE-OURS";"special-walnut-224";0.625
"WARD";"special-walnut-224";0.458333333333333
"WARD-OURS";"special-walnut-224";0.4
"BAGHER";"special-walnut-224";0.141666666666667
"CHEBYCHEV";"special-walnut-224";0.516666666666667
"LEGENDRE";"special-walnut-224";0.6
"SGD";"special-walnut-224";0.208333333333333
"ABC";"specular-black-phenolic";0.758620689655172
"ABC-OURS";"specular-black-phenolic";0.666666666666667
"BECKMAN";"specular-black-phenolic";0.925
"BLINN-PHONG";"specular-black-phenolic";0.416666666666667
"BLINN-PHONG-OURS";"specular-black-phenolic";0.466666666666667
"DUPUY";"specular-black-phenolic";0.233333333333333
"GGX";"specular-black-phenolic";0.783333333333333
"GPLVM_APPROX.1";"specular-black-phenolic";0.1
"GPLVM_APPROX.2";"specular-black-phenolic";0.15
"GPLVM_APPROX.3";"specular-black-phenolic";0.169354838709677
"GPLVM_APPROX.4";"specular-black-phenolic";0.208333333333333
"GPLVM_APPROX.5";"specular-black-phenolic";0.362903225806452
"GPLVM_APPROX.6";"specular-black-phenolic";0.841666666666667
"LAFORTUNE";"specular-black-phenolic";0.346774193548387
"LAFORTUNE-OURS";"specular-black-phenolic";0.7
"WARD";"specular-black-phenolic";0.333333333333333
"WARD-OURS";"specular-black-phenolic";0.283333333333333
"BAGHER";"specular-black-phenolic";0.0916666666666667
"SGD";"specular-black-phenolic";0.175
"ABC";"specular-blue-phenolic";0.783333333333333
"ABC-OURS";"specular-blue-phenolic";0.775
"BECKMAN";"specular-blue-phenolic";0.833333333333333
"BLINN-PHONG";"specular-blue-phenolic";0.625
"BLINN-PHONG-OURS";"specular-blue-phenolic";0.766666666666667
"DUPUY";"specular-blue-phenolic";0.525
"GGX";"specular-blue-phenolic";0.85
"GPLVM_APPROX.1";"specular-blue-phenolic";0.125
"GPLVM_APPROX.2";"specular-blue-phenolic";0.183333333333333
"GPLVM_APPROX.3";"specular-blue-phenolic";0.112903225806452
"GPLVM_APPROX.4";"specular-blue-phenolic";0.15
"GPLVM_APPROX.5";"specular-blue-phenolic";0.336206896551724
"GPLVM_APPROX.6";"specular-blue-phenolic";0.691666666666667
"LAFORTUNE";"specular-blue-phenolic";0.291666666666667
"LAFORTUNE-OURS";"specular-blue-phenolic";0.645161290322581
"WARD";"specular-blue-phenolic";0.25
"WARD-OURS";"specular-blue-phenolic";0.217741935483871
"BAGHER";"specular-blue-phenolic";0.175
"SGD";"specular-blue-phenolic";0.0916666666666667
"ABC";"specular-green-phenolic";0.741666666666667
"ABC-OURS";"specular-green-phenolic";0.741666666666667
"BECKMAN";"specular-green-phenolic";0.875
"BLINN-PHONG";"specular-green-phenolic";0.282258064516129
"BLINN-PHONG-OURS";"specular-green-phenolic";0.616666666666667
"DUPUY";"specular-green-phenolic";0.625
"GGX";"specular-green-phenolic";0.833333333333333
"GPLVM_APPROX.1";"specular-green-phenolic";0.120967741935484
"GPLVM_APPROX.2";"specular-green-phenolic";0.2
"GPLVM_APPROX.3";"specular-green-phenolic";0.129032258064516
"GPLVM_APPROX.4";"specular-green-phenolic";0.234375
"GPLVM_APPROX.5";"specular-green-phenolic";0.716666666666667
"GPLVM_APPROX.6";"specular-green-phenolic";0.854838709677419
"LAFORTUNE";"specular-green-phenolic";0.391666666666667
"LAFORTUNE-OURS";"specular-green-phenolic";0.459677419354839
"WARD";"specular-green-phenolic";0.290322580645161
"WARD-OURS";"specular-green-phenolic";0.241666666666667
"BAGHER";"specular-green-phenolic";0.125
"SGD";"specular-green-phenolic";0.158333333333333
"ABC";"specular-maroon-phenolic";0.6
"ABC-OURS";"specular-maroon-phenolic";0.766129032258065
"BECKMAN";"specular-maroon-phenolic";0.825
"BLINN-PHONG";"specular-maroon-phenolic";0.338709677419355
"BLINN-PHONG-OURS";"specular-maroon-phenolic";0.683333333333333
"DUPUY";"specular-maroon-phenolic";0.716666666666667
"GGX";"specular-maroon-phenolic";0.816666666666667
"GPLVM_APPROX.1";"specular-maroon-phenolic";0.116666666666667
"GPLVM_APPROX.2";"specular-maroon-phenolic";0.175
"GPLVM_APPROX.3";"specular-maroon-phenolic";0.133333333333333
"GPLVM_APPROX.4";"specular-maroon-phenolic";0.2
"GPLVM_APPROX.5";"specular-maroon-phenolic";0.6
"GPLVM_APPROX.6";"specular-maroon-phenolic";0.766666666666667
"LAFORTUNE";"specular-maroon-phenolic";0.308333333333333
"LAFORTUNE-OURS";"specular-maroon-phenolic";0.283333333333333
"WARD";"specular-maroon-phenolic";0.258333333333333
"WARD-OURS";"specular-maroon-phenolic";0.216666666666667
"BAGHER";"specular-maroon-phenolic";0.125
"SGD";"specular-maroon-phenolic";0.141666666666667
"ABC";"specular-orange-phenolic";0.416666666666667
"ABC-OURS";"specular-orange-phenolic";0.458333333333333
"BECKMAN";"specular-orange-phenolic";0.883333333333333
"BLINN-PHONG";"specular-orange-phenolic";0.425
"BLINN-PHONG-OURS";"specular-orange-phenolic";0.766666666666667
"DUPUY";"specular-orange-phenolic";0.825
"GGX";"specular-orange-phenolic";0.883333333333333
"GPLVM_APPROX.1";"specular-orange-phenolic";0.075
"GPLVM_APPROX.2";"specular-orange-phenolic";0.17741935483871
"GPLVM_APPROX.3";"specular-orange-phenolic";0.108333333333333
"GPLVM_APPROX.4";"specular-orange-phenolic";0.2
"GPLVM_APPROX.5";"specular-orange-phenolic";0.508333333333333
"GPLVM_APPROX.6";"specular-orange-phenolic";0.775
"LAFORTUNE";"specular-orange-phenolic";0.217741935483871
"LAFORTUNE-OURS";"specular-orange-phenolic";0.158333333333333
"WARD";"specular-orange-phenolic";0.266666666666667
"WARD-OURS";"specular-orange-phenolic";0.208333333333333
"BAGHER";"specular-orange-phenolic";0.125
"SGD";"specular-orange-phenolic";0.183333333333333
"ABC";"specular-red-phenolic";0.556451612903226
"ABC-OURS";"specular-red-phenolic";0.566666666666667
"BECKMAN";"specular-red-phenolic";0.833333333333333
"BLINN-PHONG";"specular-red-phenolic";0.395161290322581
"BLINN-PHONG-OURS";"specular-red-phenolic";0.646551724137931
"DUPUY";"specular-red-phenolic";0.798387096774194
"GGX";"specular-red-phenolic";0.866666666666667
"GPLVM_APPROX.1";"specular-red-phenolic";0.181818181818182
"GPLVM_APPROX.2";"specular-red-phenolic";0.166666666666667
"GPLVM_APPROX.3";"specular-red-phenolic";0.206896551724138
"GPLVM_APPROX.4";"specular-red-phenolic";0.225
"GPLVM_APPROX.5";"specular-red-phenolic";0.508064516129032
"GPLVM_APPROX.6";"specular-red-phenolic";0.85
"LAFORTUNE";"specular-red-phenolic";0.266666666666667
"LAFORTUNE-OURS";"specular-red-phenolic";0.316666666666667
"WARD";"specular-red-phenolic";0.32258064516129
"WARD-OURS";"specular-red-phenolic";0.216666666666667
"BAGHER";"specular-red-phenolic";0.108333333333333
"SGD";"specular-red-phenolic";0.15
"ABC";"specular-violet-phenolic";0.564516129032258
"ABC-OURS";"specular-violet-phenolic";0.725
"BECKMAN";"specular-violet-phenolic";0.85
"BLINN-PHONG";"specular-violet-phenolic";0.525
"BLINN-PHONG-OURS";"specular-violet-phenolic";0.725
"DUPUY";"specular-violet-phenolic";0.525
"GGX";"specular-violet-phenolic";0.816666666666667
"GPLVM_APPROX.1";"specular-violet-phenolic";0.125
"GPLVM_APPROX.2";"specular-violet-phenolic";0.158333333333333
"GPLVM_APPROX.3";"specular-violet-phenolic";0.166666666666667
"GPLVM_APPROX.4";"specular-violet-phenolic";0.108333333333333
"GPLVM_APPROX.5";"specular-violet-phenolic";0.491379310344828
"GPLVM_APPROX.6";"specular-violet-phenolic";0.691666666666667
"LAFORTUNE";"specular-violet-phenolic";0.306451612903226
"LAFORTUNE-OURS";"specular-violet-phenolic";0.333333333333333
"WARD";"specular-violet-phenolic";0.267241379310345
"WARD-OURS";"specular-violet-phenolic";0.314516129032258
"BAGHER";"specular-violet-phenolic";0.1
"SGD";"specular-violet-phenolic";0.166666666666667
"ABC";"specular-white-phenolic";0.379310344827586
"ABC-OURS";"specular-white-phenolic";0.358333333333333
"BECKMAN";"specular-white-phenolic";0.708333333333333
"BLINN-PHONG";"specular-white-phenolic";0.556451612903226
"BLINN-PHONG-OURS";"specular-white-phenolic";0.683333333333333
"DUPUY";"specular-white-phenolic";0.558333333333333
"GGX";"specular-white-phenolic";0.741666666666667
"GPLVM_APPROX.1";"specular-white-phenolic";0.171875
"GPLVM_APPROX.2";"specular-white-phenolic";0.141666666666667
"GPLVM_APPROX.3";"specular-white-phenolic";0.112903225806452
"GPLVM_APPROX.4";"specular-white-phenolic";0.233333333333333
"GPLVM_APPROX.5";"specular-white-phenolic";0.517241379310345
"GPLVM_APPROX.6";"specular-white-phenolic";0.883333333333333
"LAFORTUNE";"specular-white-phenolic";0.708333333333333
"LAFORTUNE-OURS";"specular-white-phenolic";0.833333333333333
"WARD";"specular-white-phenolic";0.358333333333333
"WARD-OURS";"specular-white-phenolic";0.158333333333333
"BAGHER";"specular-white-phenolic";0.175
"SGD";"specular-white-phenolic";0.225
"ABC";"specular-yellow-phenolic";0.556451612903226
"ABC-OURS";"specular-yellow-phenolic";0.55
"BECKMAN";"specular-yellow-phenolic";0.875
"BLINN-PHONG";"specular-yellow-phenolic";0.508064516129032
"BLINN-PHONG-OURS";"specular-yellow-phenolic";0.708333333333333
"DUPUY";"specular-yellow-phenolic";0.775
"GGX";"specular-yellow-phenolic";0.875
"GPLVM_APPROX.1";"specular-yellow-phenolic";0.116666666666667
"GPLVM_APPROX.2";"specular-yellow-phenolic";0.17741935483871
"GPLVM_APPROX.3";"specular-yellow-phenolic";0.133333333333333
"GPLVM_APPROX.4";"specular-yellow-phenolic";0.341666666666667
"GPLVM_APPROX.5";"specular-yellow-phenolic";0.708333333333333
"GPLVM_APPROX.6";"specular-yellow-phenolic";0.916666666666667
"LAFORTUNE";"specular-yellow-phenolic";0.275862068965517
"LAFORTUNE-OURS";"specular-yellow-phenolic";0.2
"WARD";"specular-yellow-phenolic";0.241666666666667
"WARD-OURS";"specular-yellow-phenolic";0.108333333333333
"BAGHER";"specular-yellow-phenolic";0.208333333333333
"SGD";"specular-yellow-phenolic";0.175
"ABC";"ss440";0.758333333333333
"ABC-OURS";"ss440";0.830645161290323
"BECKMAN";"ss440";0.716666666666667
"BLINN-PHONG";"ss440";0.725
"BLINN-PHONG-OURS";"ss440";0.858333333333333
"DUPUY";"ss440";0.333333333333333
"GGX";"ss440";0.2
"GPLVM_APPROX.1";"ss440";0.0583333333333333
"GPLVM_APPROX.2";"ss440";0.108333333333333
"GPLVM_APPROX.3";"ss440";0.116666666666667
"GPLVM_APPROX.4";"ss440";0.133333333333333
"GPLVM_APPROX.5";"ss440";0.383333333333333
"GPLVM_APPROX.6";"ss440";0.808333333333333
"LAFORTUNE";"ss440";0.716666666666667
"LAFORTUNE-OURS";"ss440";0.641666666666667
"WARD";"ss440";0.725
"WARD-OURS";"ss440";0.75
"BAGHER";"ss440";0.116666666666667
"SGD";"ss440";0.591666666666667
"ABC";"steel";0.408333333333333
"ABC-OURS";"steel";0.859375
"BECKMAN";"steel";0.85
"BLINN-PHONG";"steel";0.716666666666667
"BLINN-PHONG-OURS";"steel";0.709677419354839
"DUPUY";"steel";0.575
"GGX";"steel";0.558333333333333
"GPLVM_APPROX.1";"steel";0.141666666666667
"GPLVM_APPROX.2";"steel";0.0583333333333333
"GPLVM_APPROX.3";"steel";0.0916666666666667
"GPLVM_APPROX.4";"steel";0.141666666666667
"GPLVM_APPROX.5";"steel";0.85
"GPLVM_APPROX.6";"steel";0.908333333333333
"LAFORTUNE";"steel";0.791666666666667
"LAFORTUNE-OURS";"steel";0.691666666666667
"WARD";"steel";0.691666666666667
"WARD-OURS";"steel";0.758333333333333
"BAGHER";"steel";0.158333333333333
"SGD";"steel";0.95
"ABC";"teflon";0.233333333333333
"ABC-OURS";"teflon";0.275
"BECKMAN";"teflon";0.516666666666667
"BLINN-PHONG";"teflon";0.216666666666667
"BLINN-PHONG-OURS";"teflon";0.191666666666667
"DUPUY";"teflon";0.266666666666667
"GGX";"teflon";0.491666666666667
"GPLVM_APPROX.1";"teflon";0.141666666666667
"GPLVM_APPROX.2";"teflon";0.201612903225806
"GPLVM_APPROX.3";"teflon";0.145161290322581
"GPLVM_APPROX.4";"teflon";0.191666666666667
"GPLVM_APPROX.5";"teflon";0.416666666666667
"GPLVM_APPROX.6";"teflon";0.858333333333333
"LAFORTUNE";"teflon";0.208333333333333
"LAFORTUNE-OURS";"teflon";0.216666666666667
"WARD";"teflon";0.4
"WARD-OURS";"teflon";0.318965517241379
"BAGHER";"teflon";0.133333333333333
"CHEBYCHEV";"teflon";0.241666666666667
"LEGENDRE";"teflon";0.275
"SGD";"teflon";0.258333333333333
"ABC";"tungsten-carbide";0.816666666666667
"ABC-OURS";"tungsten-carbide";0.891666666666667
"BECKMAN";"tungsten-carbide";0.833333333333333
"BLINN-PHONG";"tungsten-carbide";0.891666666666667
"BLINN-PHONG-OURS";"tungsten-carbide";0.808333333333333
"DUPUY";"tungsten-carbide";0.308333333333333
"GGX";"tungsten-carbide";0.383333333333333
"GPLVM_APPROX.1";"tungsten-carbide";0.0967741935483871
"GPLVM_APPROX.2";"tungsten-carbide";0.0725806451612903
"GPLVM_APPROX.3";"tungsten-carbide";0.0666666666666667
"GPLVM_APPROX.4";"tungsten-carbide";0.108333333333333
"GPLVM_APPROX.5";"tungsten-carbide";0.548387096774194
"GPLVM_APPROX.6";"tungsten-carbide";0.9
"LAFORTUNE";"tungsten-carbide";0.9
"LAFORTUNE-OURS";"tungsten-carbide";0.641666666666667
"WARD";"tungsten-carbide";0.825
"WARD-OURS";"tungsten-carbide";0.866666666666667
"BAGHER";"tungsten-carbide";0.183333333333333
"SGD";"tungsten-carbide";0.516666666666667
"ABC";"two-layer-gold";0.766129032258065
"ABC-OURS";"two-layer-gold";0.858333333333333
"BECKMAN";"two-layer-gold";0.733333333333333
"BLINN-PHONG-OURS";"two-layer-gold";0.908333333333333
"DUPUY";"two-layer-gold";0.133333333333333
"GGX";"two-layer-gold";0.241666666666667
"GPLVM_APPROX.1";"two-layer-gold";0.145161290322581
"GPLVM_APPROX.2";"two-layer-gold";0.166666666666667
"GPLVM_APPROX.3";"two-layer-gold";0.129032258064516
"GPLVM_APPROX.4";"two-layer-gold";0.141666666666667
"GPLVM_APPROX.5";"two-layer-gold";0.325
"GPLVM_APPROX.6";"two-layer-gold";0.516129032258065
"LAFORTUNE-OURS";"two-layer-gold";0.841666666666667
"WARD-OURS";"two-layer-gold";0.808333333333333
"BAGHER";"two-layer-gold";0.2
"SGD";"two-layer-gold";0.5
"ABC";"two-layer-silver";0.75
"ABC-OURS";"two-layer-silver";0.816666666666667
"BECKMAN";"two-layer-silver";0.733333333333333
"BLINN-PHONG-OURS";"two-layer-silver";0.887931034482759
"DUPUY";"two-layer-silver";0.166666666666667
"GGX";"two-layer-silver";0.241666666666667
"GPLVM_APPROX.1";"two-layer-silver";0.2
"GPLVM_APPROX.2";"two-layer-silver";0.216666666666667
"GPLVM_APPROX.3";"two-layer-silver";0.133333333333333
"GPLVM_APPROX.4";"two-layer-silver";0.15
"GPLVM_APPROX.5";"two-layer-silver";0.625
"GPLVM_APPROX.6";"two-layer-silver";0.858333333333333
"LAFORTUNE-OURS";"two-layer-silver";0.675
"WARD-OURS";"two-layer-silver";0.716666666666667
"BAGHER";"two-layer-silver";0.133333333333333
"SGD";"two-layer-silver";0.308333333333333
"ABC";"violet-acrylic";0.17741935483871
"ABC-OURS";"violet-acrylic";0.533333333333333
"BECKMAN";"violet-acrylic";0.791666666666667
"BLINN-PHONG";"violet-acrylic";0.645161290322581
"BLINN-PHONG-OURS";"violet-acrylic";0.825
"DUPUY";"violet-acrylic";0.341666666666667
"GGX";"violet-acrylic";0.616666666666667
"GPLVM_APPROX.1";"violet-acrylic";0.175
"GPLVM_APPROX.2";"violet-acrylic";0.2
"GPLVM_APPROX.3";"violet-acrylic";0.1
"GPLVM_APPROX.4";"violet-acrylic";0.216666666666667
"GPLVM_APPROX.5";"violet-acrylic";0.241666666666667
"GPLVM_APPROX.6";"violet-acrylic";0.566666666666667
"LAFORTUNE";"violet-acrylic";0.637096774193548
"LAFORTUNE-OURS";"violet-acrylic";0.616666666666667
"WARD";"violet-acrylic";0.441666666666667
"WARD-OURS";"violet-acrylic";0.541666666666667
"BAGHER";"violet-acrylic";0.308333333333333
"SGD";"violet-acrylic";0.4
"ABC";"violet-rubber";0.166666666666667
"ABC-OURS";"violet-rubber";0.183333333333333
"BECKMAN";"violet-rubber";0.6
"BLINN-PHONG";"violet-rubber";0.183333333333333
"BLINN-PHONG-OURS";"violet-rubber";0.201612903225806
"DUPUY";"violet-rubber";0.366666666666667
"GGX";"violet-rubber";0.45
"GPLVM_APPROX.1";"violet-rubber";0.163793103448276
"GPLVM_APPROX.2";"violet-rubber";0.116666666666667
"GPLVM_APPROX.3";"violet-rubber";0.15
"GPLVM_APPROX.4";"violet-rubber";0.290322580645161
"GPLVM_APPROX.5";"violet-rubber";0.683333333333333
"GPLVM_APPROX.6";"violet-rubber";0.833333333333333
"LAFORTUNE";"violet-rubber";0.258333333333333
"LAFORTUNE-OURS";"violet-rubber";0.209677419354839
"WARD";"violet-rubber";0.341666666666667
"WARD-OURS";"violet-rubber";0.341666666666667
"BAGHER";"violet-rubber";0.158333333333333
"CHEBYCHEV";"violet-rubber";0.841666666666667
"LEGENDRE";"violet-rubber";0.725
"SGD";"violet-rubber";0.266666666666667
"ABC";"white-acrylic";0.45
"ABC-OURS";"white-acrylic";0.5
"BECKMAN";"white-acrylic";0.558333333333333
"BLINN-PHONG";"white-acrylic";0.341666666666667
"BLINN-PHONG-OURS";"white-acrylic";0.387931034482759
"DUPUY";"white-acrylic";0.466666666666667
"GGX";"white-acrylic";0.525
"GPLVM_APPROX.1";"white-acrylic";0.175
"GPLVM_APPROX.2";"white-acrylic";0.158333333333333
"GPLVM_APPROX.3";"white-acrylic";0.161290322580645
"GPLVM_APPROX.4";"white-acrylic";0.266129032258065
"GPLVM_APPROX.5";"white-acrylic";0.408333333333333
"GPLVM_APPROX.6";"white-acrylic";0.790322580645161
"LAFORTUNE";"white-acrylic";0.283333333333333
"LAFORTUNE-OURS";"white-acrylic";0.175
"WARD";"white-acrylic";0.17741935483871
"WARD-OURS";"white-acrylic";0.2
"BAGHER";"white-acrylic";0.208333333333333
"SGD";"white-acrylic";0.191666666666667
"ABC";"white-diffuse-bball";0.275
"ABC-OURS";"white-diffuse-bball";0.283333333333333
"BECKMAN";"white-diffuse-bball";0.491666666666667
"BLINN-PHONG";"white-diffuse-bball";0.241666666666667
"BLINN-PHONG-OURS";"white-diffuse-bball";0.216666666666667
"DUPUY";"white-diffuse-bball";0.283333333333333
"GGX";"white-diffuse-bball";0.416666666666667
"GPLVM_APPROX.1";"white-diffuse-bball";0.306451612903226
"GPLVM_APPROX.2";"white-diffuse-bball";0.325
"GPLVM_APPROX.3";"white-diffuse-bball";0.233333333333333
"GPLVM_APPROX.4";"white-diffuse-bball";0.25
"GPLVM_APPROX.5";"white-diffuse-bball";0.491666666666667
"GPLVM_APPROX.6";"white-diffuse-bball";0.908333333333333
"LAFORTUNE";"white-diffuse-bball";0.241666666666667
"LAFORTUNE-OURS";"white-diffuse-bball";0.241666666666667
"WARD";"white-diffuse-bball";0.291666666666667
"WARD-OURS";"white-diffuse-bball";0.275
"BAGHER";"white-diffuse-bball";0.166666666666667
"CHEBYCHEV";"white-diffuse-bball";0.316666666666667
"LEGENDRE";"white-diffuse-bball";0.408333333333333
"SGD";"white-diffuse-bball";0.291666666666667
"ABC";"white-fabric";0.741666666666667
"ABC-OURS";"white-fabric";0.741666666666667
"BECKMAN";"white-fabric";0.65
"BLINN-PHONG-OURS";"white-fabric";0.158333333333333
"DUPUY";"white-fabric";0.341666666666667
"GGX";"white-fabric";0.483333333333333
"GPLVM_APPROX.1";"white-fabric";0.475
"GPLVM_APPROX.2";"white-fabric";0.3
"GPLVM_APPROX.3";"white-fabric";0.439655172413793
"GPLVM_APPROX.4";"white-fabric";0.433333333333333
"GPLVM_APPROX.5";"white-fabric";0.616666666666667
"GPLVM_APPROX.6";"white-fabric";0.725
"LAFORTUNE-OURS";"white-fabric";0.291666666666667
"WARD-OURS";"white-fabric";0.362068965517241
"BAGHER";"white-fabric";0.208333333333333
"CHEBYCHEV";"white-fabric";0.316666666666667
"LEGENDRE";"white-fabric";0.225
"SGD";"white-fabric";0.241666666666667
"ABC";"white-fabric2";0.209677419354839
"ABC-OURS";"white-fabric2";0.258333333333333
"BECKMAN";"white-fabric2";0.733333333333333
"BLINN-PHONG-OURS";"white-fabric2";0.189655172413793
"DUPUY";"white-fabric2";0.341666666666667
"GGX";"white-fabric2";0.525
"GPLVM_APPROX.1";"white-fabric2";0.1
"GPLVM_APPROX.2";"white-fabric2";0.208333333333333
"GPLVM_APPROX.3";"white-fabric2";0.25
"GPLVM_APPROX.4";"white-fabric2";0.525
"GPLVM_APPROX.5";"white-fabric2";0.838709677419355
"GPLVM_APPROX.6";"white-fabric2";0.916666666666667
"LAFORTUNE-OURS";"white-fabric2";0.166666666666667
"WARD-OURS";"white-fabric2";0.258064516129032
"BAGHER";"white-fabric2";0.183333333333333
"CHEBYCHEV";"white-fabric2";0.183333333333333
"LEGENDRE";"white-fabric2";0.166666666666667
"SGD";"white-fabric2";0.258333333333333
"ABC";"white-marble";0.201612903225806
"ABC-OURS";"white-marble";0.2
"BECKMAN";"white-marble";0.591666666666667
"BLINN-PHONG-OURS";"white-marble";0.9
"DUPUY";"white-marble";0.316666666666667
"GGX";"white-marble";0.55
"GPLVM_APPROX.1";"white-marble";0.283333333333333
"GPLVM_APPROX.2";"white-marble";0.325
"GPLVM_APPROX.3";"white-marble";0.241666666666667
"GPLVM_APPROX.4";"white-marble";0.366666666666667
"GPLVM_APPROX.5";"white-marble";0.616666666666667
"GPLVM_APPROX.6";"white-marble";0.666666666666667
"LAFORTUNE-OURS";"white-marble";0.21551724137931
"WARD-OURS";"white-marble";0.258064516129032
"BAGHER";"white-marble";0.183333333333333
"SGD";"white-marble";0.216666666666667
"ABC";"white-paint";0.55
"ABC-OURS";"white-paint";0.546875
"BECKMAN";"white-paint";0.458333333333333
"BLINN-PHONG";"white-paint";0.298387096774194
"BLINN-PHONG-OURS";"white-paint";0.158333333333333
"DUPUY";"white-paint";0.425
"GGX";"white-paint";0.508333333333333
"GPLVM_APPROX.1";"white-paint";0.2
"GPLVM_APPROX.2";"white-paint";0.158333333333333
"GPLVM_APPROX.3";"white-paint";0.208333333333333
"GPLVM_APPROX.4";"white-paint";0.283333333333333
"GPLVM_APPROX.5";"white-paint";0.577586206896552
"GPLVM_APPROX.6";"white-paint";0.943548387096774
"LAFORTUNE";"white-paint";0.441666666666667
"LAFORTUNE-OURS";"white-paint";0.2265625
"WARD";"white-paint";0.358333333333333
"WARD-OURS";"white-paint";0.283333333333333
"BAGHER";"white-paint";0.208333333333333
"SGD";"white-paint";0.4
"ABC";"yellow-matte-plastic";0.591666666666667
"ABC-OURS";"yellow-matte-plastic";0.558333333333333
"BECKMAN";"yellow-matte-plastic";0.808333333333333
"BLINN-PHONG";"yellow-matte-plastic";0.308333333333333
"BLINN-PHONG-OURS";"yellow-matte-plastic";0.225
"DUPUY";"yellow-matte-plastic";0.775
"GGX";"yellow-matte-plastic";0.741666666666667
"GPLVM_APPROX.1";"yellow-matte-plastic";0.137096774193548
"GPLVM_APPROX.2";"yellow-matte-plastic";0.189655172413793
"GPLVM_APPROX.3";"yellow-matte-plastic";0.209677419354839
"GPLVM_APPROX.4";"yellow-matte-plastic";0.4
"GPLVM_APPROX.5";"yellow-matte-plastic";0.833333333333333
"GPLVM_APPROX.6";"yellow-matte-plastic";0.916666666666667
"LAFORTUNE";"yellow-matte-plastic";0.533333333333333
"LAFORTUNE-OURS";"yellow-matte-plastic";0.55
"WARD";"yellow-matte-plastic";0.358333333333333
"WARD-OURS";"yellow-matte-plastic";0.362068965517241
"BAGHER";"yellow-matte-plastic";0.25
"SGD";"yellow-matte-plastic";0.391666666666667
"ABC";"yellow-paint";0.158333333333333
"ABC-OURS";"yellow-paint";0.283333333333333
"BECKMAN";"yellow-paint";0.491666666666667
"BLINN-PHONG";"yellow-paint";0.166666666666667
"BLINN-PHONG-OURS";"yellow-paint";0.175
"DUPUY";"yellow-paint";0.35
"GGX";"yellow-paint";0.475
"GPLVM_APPROX.1";"yellow-paint";0.141666666666667
"GPLVM_APPROX.2";"yellow-paint";0.183333333333333
"GPLVM_APPROX.3";"yellow-paint";0.175
"GPLVM_APPROX.4";"yellow-paint";0.291666666666667
"GPLVM_APPROX.5";"yellow-paint";0.672413793103448
"GPLVM_APPROX.6";"yellow-paint";0.941666666666667
"LAFORTUNE";"yellow-paint";0.208333333333333
"LAFORTUNE-OURS";"yellow-paint";0.208333333333333
"WARD";"yellow-paint";0.291666666666667
"WARD-OURS";"yellow-paint";0.283333333333333
"BAGHER";"yellow-paint";0.2
"CHEBYCHEV";"yellow-paint";0.258333333333333
"LEGENDRE";"yellow-paint";0.366666666666667
"SGD";"yellow-paint";0.275
"ABC";"yellow-phenolic";0.216666666666667
"ABC-OURS";"yellow-phenolic";0.3
"BECKMAN";"yellow-phenolic";0.625
"BLINN-PHONG";"yellow-phenolic";0.241666666666667
"BLINN-PHONG-OURS";"yellow-phenolic";0.183333333333333
"DUPUY";"yellow-phenolic";0.508333333333333
"GGX";"yellow-phenolic";0.725
"GPLVM_APPROX.1";"yellow-phenolic";0.141666666666667
"GPLVM_APPROX.2";"yellow-phenolic";0.241666666666667
"GPLVM_APPROX.3";"yellow-phenolic";0.241666666666667
"GPLVM_APPROX.4";"yellow-phenolic";0.183333333333333
"GPLVM_APPROX.5";"yellow-phenolic";0.408333333333333
"GPLVM_APPROX.6";"yellow-phenolic";0.658333333333333
"LAFORTUNE";"yellow-phenolic";0.293103448275862
"LAFORTUNE-OURS";"yellow-phenolic";0.4
"WARD";"yellow-phenolic";0.258064516129032
"WARD-OURS";"yellow-phenolic";0.275
"BAGHER";"yellow-phenolic";0.208333333333333
"SGD";"yellow-phenolic";0.275
"ABC";"yellow-plastic";0.325
"ABC-OURS";"yellow-plastic";0.333333333333333
"BECKMAN";"yellow-plastic";0.558333333333333
"BLINN-PHONG";"yellow-plastic";0.166666666666667
"BLINN-PHONG-OURS";"yellow-plastic";0.266666666666667
"DUPUY";"yellow-plastic";0.416666666666667
"GGX";"yellow-plastic";0.466666666666667
"GPLVM_APPROX.1";"yellow-plastic";0.133333333333333
"GPLVM_APPROX.2";"yellow-plastic";0.153225806451613
"GPLVM_APPROX.3";"yellow-plastic";0.108333333333333
"GPLVM_APPROX.4";"yellow-plastic";0.370689655172414
"GPLVM_APPROX.5";"yellow-plastic";0.8
"GPLVM_APPROX.6";"yellow-plastic";0.891666666666667
"LAFORTUNE";"yellow-plastic";0.225
"LAFORTUNE-OURS";"yellow-plastic";0.133333333333333
"WARD";"yellow-plastic";0.341666666666667
"WARD-OURS";"yellow-plastic";0.358333333333333
"BAGHER";"yellow-plastic";0.133333333333333
"CHEBYCHEV";"yellow-plastic";0.441666666666667
"LEGENDRE";"yellow-plastic";0.466666666666667
"SGD";"yellow-plastic";0.266666666666667
